"year","date","corn_sales","hay_sales","soy_sales","wheat_sales","corn_price","hay_alfa_price","hay_nonalfa_price","hay_price","soy_price","wheat_price","wheat_winter_price"
1908,1908-01-01,NA,NA,NA,NA,0.55,NA,NA,NA,NA,NA,NA
1908,1908-02-01,NA,NA,NA,NA,0.56,NA,NA,NA,NA,NA,NA
1908,1908-03-01,NA,NA,NA,NA,0.6,NA,NA,NA,NA,NA,NA
1908,1908-04-01,NA,NA,NA,NA,0.63,NA,NA,NA,NA,NA,NA
1908,1908-05-01,NA,NA,NA,NA,0.69,NA,NA,NA,NA,NA,NA
1908,1908-06-01,NA,NA,NA,NA,0.74,NA,NA,NA,NA,NA,NA
1908,1908-07-01,NA,NA,NA,NA,0.76,NA,NA,NA,NA,NA,NA
1908,1908-08-01,NA,NA,NA,NA,0.78,NA,NA,NA,NA,NA,NA
1908,1908-09-01,NA,NA,NA,NA,0.77,NA,NA,NA,NA,NA,NA
1908,1908-10-01,NA,NA,NA,NA,0.69,NA,NA,NA,NA,NA,NA
1908,1908-11-01,NA,NA,NA,NA,0.63,NA,NA,NA,NA,NA,NA
1908,1908-12-01,NA,NA,NA,NA,0.64,NA,NA,NA,NA,NA,NA
1909,1909-01-01,NA,NA,NA,NA,0.64,NA,NA,NA,NA,NA,NA
1909,1909-02-01,NA,NA,NA,NA,0.64,NA,NA,NA,NA,NA,NA
1909,1909-03-01,NA,NA,NA,NA,0.68,NA,NA,NA,NA,NA,NA
1909,1909-04-01,NA,NA,NA,NA,0.72,NA,NA,NA,NA,NA,NA
1909,1909-05-01,NA,NA,NA,NA,0.75,NA,NA,NA,NA,NA,NA
1909,1909-06-01,NA,NA,NA,NA,0.77,NA,NA,NA,NA,NA,NA
1909,1909-07-01,NA,NA,NA,NA,0.77,NA,NA,NA,NA,NA,NA
1909,1909-08-01,NA,NA,NA,NA,0.76,NA,NA,NA,NA,NA,NA
1909,1909-09-01,NA,NA,NA,NA,0.73,NA,NA,NA,NA,NA,NA
1909,1909-10-01,NA,NA,NA,NA,0.66,NA,NA,NA,NA,NA,NA
1909,1909-11-01,NA,NA,NA,NA,0.58,NA,NA,NA,NA,NA,NA
1909,1909-12-01,NA,NA,NA,NA,0.57,NA,NA,NA,NA,NA,NA
1910,1910-01-01,NA,NA,NA,NA,0.6,NA,NA,NA,NA,NA,NA
1910,1910-02-01,NA,NA,NA,NA,0.62,NA,NA,NA,NA,NA,NA
1910,1910-03-01,NA,NA,NA,NA,0.62,NA,NA,NA,NA,NA,NA
1910,1910-04-01,NA,NA,NA,NA,0.6,NA,NA,NA,NA,NA,NA
1910,1910-05-01,NA,NA,NA,NA,0.6,NA,NA,NA,NA,NA,NA
1910,1910-06-01,NA,NA,NA,NA,0.6,NA,NA,NA,NA,NA,NA
1910,1910-07-01,NA,NA,NA,NA,0.62,NA,NA,NA,NA,NA,NA
1910,1910-08-01,NA,NA,NA,NA,0.64,NA,NA,NA,NA,NA,NA
1910,1910-09-01,NA,NA,NA,NA,0.64,NA,NA,NA,NA,NA,NA
1910,1910-10-01,NA,NA,NA,NA,0.58,NA,NA,NA,NA,NA,NA
1910,1910-11-01,NA,NA,NA,NA,0.5,NA,NA,NA,NA,NA,NA
1910,1910-12-01,NA,NA,NA,NA,0.46,NA,NA,NA,NA,NA,NA
1911,1911-01-01,NA,NA,NA,NA,0.46,NA,NA,NA,NA,NA,NA
1911,1911-02-01,NA,NA,NA,NA,0.46,NA,NA,NA,NA,NA,NA
1911,1911-03-01,NA,NA,NA,NA,0.46,NA,NA,NA,NA,NA,NA
1911,1911-04-01,NA,NA,NA,NA,0.48,NA,NA,NA,NA,NA,NA
1911,1911-05-01,NA,NA,NA,NA,0.52,NA,NA,NA,NA,NA,NA
1911,1911-06-01,NA,NA,NA,NA,0.56,NA,NA,NA,NA,NA,NA
1911,1911-07-01,NA,NA,NA,NA,0.61,NA,NA,NA,NA,NA,NA
1911,1911-08-01,NA,NA,NA,NA,0.65,NA,NA,NA,NA,NA,NA
1911,1911-09-01,NA,NA,NA,NA,0.66,NA,NA,NA,NA,NA,NA
1911,1911-10-01,NA,NA,NA,NA,0.62,NA,NA,NA,NA,NA,NA
1911,1911-11-01,NA,NA,NA,NA,0.58,NA,NA,NA,NA,NA,NA
1911,1911-12-01,NA,NA,NA,NA,0.58,NA,NA,NA,NA,NA,NA
1912,1912-01-01,NA,NA,NA,NA,0.6,NA,NA,NA,NA,NA,NA
1912,1912-02-01,NA,NA,NA,NA,0.62,NA,NA,NA,NA,NA,NA
1912,1912-03-01,NA,NA,NA,NA,0.66,NA,NA,NA,NA,NA,NA
1912,1912-04-01,NA,NA,NA,NA,0.72,NA,NA,NA,NA,NA,NA
1912,1912-05-01,NA,NA,NA,NA,0.78,NA,NA,NA,NA,NA,NA
1912,1912-06-01,NA,NA,NA,NA,0.79,NA,NA,NA,NA,NA,NA
1912,1912-07-01,NA,NA,NA,NA,0.77,NA,NA,NA,NA,NA,NA
1912,1912-08-01,NA,NA,NA,NA,0.76,NA,NA,NA,NA,NA,NA
1912,1912-09-01,NA,NA,NA,NA,0.74,NA,NA,NA,NA,NA,NA
1912,1912-10-01,NA,NA,NA,NA,0.64,NA,NA,NA,NA,NA,NA
1912,1912-11-01,NA,NA,NA,NA,0.5,NA,NA,NA,NA,NA,NA
1912,1912-12-01,NA,NA,NA,NA,0.45,NA,NA,NA,NA,NA,NA
1913,1913-01-01,NA,NA,NA,NA,0.46,NA,NA,NA,NA,NA,NA
1913,1913-02-01,NA,NA,NA,NA,0.48,NA,NA,NA,NA,NA,NA
1913,1913-03-01,NA,NA,NA,NA,0.5,NA,NA,NA,NA,NA,NA
1913,1913-04-01,NA,NA,NA,NA,0.52,NA,NA,NA,NA,NA,NA
1913,1913-05-01,NA,NA,NA,NA,0.55,NA,NA,NA,NA,NA,NA
1913,1913-06-01,NA,NA,NA,NA,0.59,NA,NA,NA,NA,NA,NA
1913,1913-07-01,NA,NA,NA,NA,0.62,NA,NA,NA,NA,NA,NA
1913,1913-08-01,NA,NA,NA,NA,0.67,NA,NA,NA,NA,NA,NA
1913,1913-09-01,NA,NA,NA,NA,0.72,NA,NA,NA,NA,NA,NA
1913,1913-10-01,NA,NA,NA,NA,0.68,NA,NA,NA,2.25,NA,NA
1913,1913-11-01,NA,NA,NA,NA,0.64,NA,NA,NA,1.88,NA,NA
1913,1913-12-01,NA,NA,NA,NA,0.62,NA,NA,NA,1.75,NA,NA
1914,1914-01-01,NA,NA,NA,NA,0.62,NA,NA,NA,2.1,NA,NA
1914,1914-02-01,NA,NA,NA,NA,0.62,NA,NA,NA,2.5,NA,NA
1914,1914-03-01,NA,NA,NA,NA,0.64,NA,NA,NA,NA,NA,NA
1914,1914-04-01,NA,NA,NA,NA,0.66,NA,NA,NA,NA,NA,NA
1914,1914-05-01,NA,NA,NA,NA,0.69,NA,NA,NA,NA,NA,NA
1914,1914-06-01,NA,NA,NA,NA,0.71,NA,NA,NA,NA,NA,NA
1914,1914-07-01,NA,NA,NA,NA,0.73,NA,NA,NA,NA,NA,NA
1914,1914-08-01,NA,NA,NA,NA,0.78,NA,NA,NA,NA,NA,NA
1914,1914-09-01,NA,NA,NA,NA,0.79,NA,NA,NA,NA,NA,NA
1914,1914-10-01,NA,NA,NA,NA,0.72,NA,NA,NA,2.25,NA,NA
1914,1914-11-01,NA,NA,NA,NA,0.64,NA,NA,NA,2.25,NA,NA
1914,1914-12-01,NA,NA,NA,NA,0.62,NA,NA,NA,2.4,NA,NA
1915,1915-01-01,NA,NA,NA,NA,0.66,NA,NA,NA,2.22,NA,NA
1915,1915-02-01,NA,NA,NA,NA,0.72,NA,NA,NA,2.17,NA,NA
1915,1915-03-01,NA,NA,NA,NA,0.74,NA,NA,NA,NA,NA,NA
1915,1915-04-01,NA,NA,NA,NA,0.74,NA,NA,NA,NA,NA,NA
1915,1915-05-01,NA,NA,NA,NA,0.76,NA,NA,NA,NA,NA,NA
1915,1915-06-01,NA,NA,NA,NA,0.76,NA,NA,NA,NA,NA,NA
1915,1915-07-01,NA,NA,NA,NA,0.76,NA,NA,NA,NA,NA,NA
1915,1915-08-01,NA,NA,NA,NA,0.78,NA,NA,NA,NA,NA,NA
1915,1915-09-01,NA,NA,NA,NA,0.76,NA,NA,NA,NA,NA,NA
1915,1915-10-01,NA,NA,NA,NA,0.7,NA,NA,NA,2.1,NA,NA
1915,1915-11-01,NA,NA,NA,NA,0.61,NA,NA,NA,2.11,NA,NA
1915,1915-12-01,NA,NA,NA,NA,0.59,NA,NA,NA,2.75,NA,NA
1916,1916-01-01,NA,NA,NA,NA,0.65,NA,NA,NA,3.03,NA,NA
1916,1916-02-01,NA,NA,NA,NA,0.68,NA,NA,NA,2.3,NA,NA
1916,1916-03-01,NA,NA,NA,NA,0.68,NA,NA,NA,NA,NA,NA
1916,1916-04-01,NA,NA,NA,NA,0.7,NA,NA,NA,NA,NA,NA
1916,1916-05-01,NA,NA,NA,NA,0.72,NA,NA,NA,NA,NA,NA
1916,1916-06-01,NA,NA,NA,NA,0.72,NA,NA,NA,NA,NA,NA
1916,1916-07-01,NA,NA,NA,NA,0.76,NA,NA,NA,NA,NA,NA
1916,1916-08-01,NA,NA,NA,NA,0.82,NA,NA,NA,NA,NA,NA
1916,1916-09-01,NA,NA,NA,NA,0.85,NA,NA,NA,NA,NA,NA
1916,1916-10-01,NA,NA,NA,NA,0.84,NA,NA,NA,NA,NA,NA
1916,1916-11-01,NA,NA,NA,NA,0.86,NA,NA,NA,2.83,NA,NA
1916,1916-12-01,NA,NA,NA,NA,0.91,NA,NA,NA,2.8,NA,NA
1917,1917-01-01,NA,NA,NA,NA,0.96,NA,NA,NA,NA,NA,NA
1917,1917-02-01,NA,NA,NA,NA,1,NA,NA,NA,3.1,NA,NA
1917,1917-03-01,NA,NA,NA,NA,1.08,NA,NA,NA,NA,NA,NA
1917,1917-04-01,NA,NA,NA,NA,1.34,NA,NA,NA,NA,NA,NA
1917,1917-05-01,NA,NA,NA,NA,1.58,NA,NA,NA,NA,NA,NA
1917,1917-06-01,NA,NA,NA,NA,1.64,NA,NA,NA,NA,NA,NA
1917,1917-07-01,NA,NA,NA,NA,1.82,NA,NA,NA,NA,NA,NA
1917,1917-08-01,NA,NA,NA,NA,1.82,NA,NA,NA,NA,NA,NA
1917,1917-09-01,NA,NA,NA,NA,1.75,NA,NA,NA,NA,NA,NA
1917,1917-10-01,NA,NA,NA,NA,1.66,NA,NA,NA,NA,NA,NA
1917,1917-11-01,NA,NA,NA,NA,1.43,NA,NA,NA,NA,NA,NA
1917,1917-12-01,NA,NA,NA,NA,1.35,NA,NA,NA,NA,NA,NA
1918,1918-01-01,NA,NA,NA,NA,1.34,NA,NA,NA,NA,NA,NA
1918,1918-02-01,NA,NA,NA,NA,1.42,NA,NA,NA,NA,NA,NA
1918,1918-03-01,NA,NA,NA,NA,1.44,NA,NA,NA,NA,NA,NA
1918,1918-04-01,NA,NA,NA,NA,1.43,NA,NA,NA,NA,NA,NA
1918,1918-05-01,NA,NA,NA,NA,1.44,NA,NA,NA,NA,NA,NA
1918,1918-06-01,NA,NA,NA,NA,1.44,NA,NA,NA,NA,NA,NA
1918,1918-07-01,NA,NA,NA,NA,1.52,NA,NA,NA,NA,NA,NA
1918,1918-08-01,NA,NA,NA,NA,1.6,NA,NA,NA,NA,NA,NA
1918,1918-09-01,NA,NA,NA,NA,1.62,NA,NA,NA,NA,NA,NA
1918,1918-10-01,NA,NA,NA,NA,1.46,NA,NA,NA,NA,NA,NA
1918,1918-11-01,NA,NA,NA,NA,1.32,NA,NA,NA,4,NA,NA
1918,1918-12-01,NA,NA,NA,NA,1.37,NA,NA,NA,4.25,NA,NA
1919,1919-01-01,NA,NA,NA,NA,1.43,NA,NA,NA,3.5,NA,NA
1919,1919-02-01,NA,NA,NA,NA,1.38,NA,NA,NA,4,NA,NA
1919,1919-03-01,NA,NA,NA,NA,1.42,NA,NA,NA,NA,NA,NA
1919,1919-04-01,NA,NA,NA,NA,1.58,NA,NA,NA,NA,NA,NA
1919,1919-05-01,NA,NA,NA,NA,1.71,NA,NA,NA,NA,NA,NA
1919,1919-06-01,NA,NA,NA,NA,1.78,NA,NA,NA,NA,NA,NA
1919,1919-07-01,NA,NA,NA,NA,1.88,NA,NA,NA,NA,NA,NA
1919,1919-08-01,NA,NA,NA,NA,1.93,NA,NA,NA,NA,NA,NA
1919,1919-09-01,NA,NA,NA,NA,1.74,NA,NA,NA,NA,NA,NA
1919,1919-10-01,NA,NA,NA,NA,1.41,NA,NA,NA,4,NA,NA
1919,1919-11-01,NA,NA,NA,NA,1.22,NA,NA,NA,NA,NA,NA
1919,1919-12-01,NA,NA,NA,NA,1.29,NA,NA,NA,NA,NA,NA
1920,1920-01-01,NA,NA,NA,NA,1.41,NA,NA,NA,NA,NA,NA
1920,1920-02-01,NA,NA,NA,NA,1.45,NA,NA,NA,NA,NA,NA
1920,1920-03-01,NA,NA,NA,NA,1.49,NA,NA,NA,NA,NA,NA
1920,1920-04-01,NA,NA,NA,NA,1.57,NA,NA,NA,NA,NA,NA
1920,1920-05-01,NA,NA,NA,NA,1.72,NA,NA,NA,NA,NA,NA
1920,1920-06-01,NA,NA,NA,NA,1.82,NA,NA,NA,NA,NA,NA
1920,1920-07-01,NA,NA,NA,NA,1.68,NA,NA,NA,NA,NA,NA
1920,1920-08-01,NA,NA,NA,NA,1.53,NA,NA,NA,NA,NA,NA
1920,1920-09-01,NA,NA,NA,NA,1.38,NA,NA,NA,NA,NA,NA
1920,1920-10-01,NA,NA,NA,NA,1.06,NA,NA,NA,3.25,NA,NA
1920,1920-11-01,NA,NA,NA,NA,0.78,NA,NA,NA,4,NA,NA
1920,1920-12-01,NA,NA,NA,NA,0.68,NA,NA,NA,2.3,NA,NA
1921,1921-01-01,NA,NA,NA,NA,0.64,NA,NA,NA,4,NA,NA
1921,1921-02-01,NA,NA,NA,NA,0.6,NA,NA,NA,NA,NA,NA
1921,1921-03-01,NA,NA,NA,NA,0.6,NA,NA,NA,NA,NA,NA
1921,1921-04-01,NA,NA,NA,NA,0.56,NA,NA,NA,NA,NA,NA
1921,1921-05-01,NA,NA,NA,NA,0.56,NA,NA,NA,NA,NA,NA
1921,1921-06-01,NA,NA,NA,NA,0.58,NA,NA,NA,NA,NA,NA
1921,1921-07-01,NA,NA,NA,NA,0.6,NA,NA,NA,NA,NA,NA
1921,1921-08-01,NA,NA,NA,NA,0.62,NA,NA,NA,NA,NA,NA
1921,1921-09-01,NA,NA,NA,NA,0.58,NA,NA,NA,NA,NA,NA
1921,1921-10-01,NA,NA,NA,NA,0.48,NA,NA,NA,3,NA,NA
1921,1921-11-01,NA,NA,NA,NA,0.41,NA,NA,NA,3,NA,NA
1921,1921-12-01,NA,NA,NA,NA,0.44,NA,NA,NA,NA,NA,NA
1922,1922-01-01,NA,NA,NA,NA,0.46,NA,NA,NA,NA,NA,NA
1922,1922-02-01,NA,NA,NA,NA,0.51,NA,NA,NA,2.5,NA,NA
1922,1922-03-01,NA,NA,NA,NA,0.57,NA,NA,NA,NA,NA,NA
1922,1922-04-01,NA,NA,NA,NA,0.6,NA,NA,NA,NA,NA,NA
1922,1922-05-01,NA,NA,NA,NA,0.62,NA,NA,NA,NA,NA,NA
1922,1922-06-01,NA,NA,NA,NA,0.64,NA,NA,NA,NA,NA,NA
1922,1922-07-01,NA,NA,NA,NA,0.64,NA,NA,NA,NA,NA,NA
1922,1922-08-01,NA,NA,NA,NA,0.67,NA,NA,NA,NA,NA,NA
1922,1922-09-01,NA,NA,NA,NA,0.66,NA,NA,NA,NA,NA,NA
1922,1922-10-01,NA,NA,NA,NA,0.64,NA,NA,NA,2.67,NA,NA
1922,1922-11-01,NA,NA,NA,NA,0.65,NA,NA,NA,2,NA,NA
1922,1922-12-01,NA,NA,NA,NA,0.68,NA,NA,NA,1.75,NA,NA
1923,1923-01-01,NA,NA,NA,NA,0.72,NA,NA,NA,NA,NA,NA
1923,1923-02-01,NA,NA,NA,NA,0.76,NA,NA,NA,NA,NA,NA
1923,1923-03-01,NA,NA,NA,NA,0.78,NA,NA,NA,NA,NA,NA
1923,1923-04-01,NA,NA,NA,NA,0.8,NA,NA,NA,NA,NA,NA
1923,1923-05-01,NA,NA,NA,NA,0.84,NA,NA,NA,NA,NA,NA
1923,1923-06-01,NA,NA,NA,NA,0.87,NA,NA,NA,NA,NA,NA
1923,1923-07-01,NA,NA,NA,NA,0.88,NA,NA,NA,NA,NA,NA
1923,1923-08-01,NA,NA,NA,NA,0.88,NA,NA,NA,NA,NA,NA
1923,1923-09-01,NA,NA,NA,NA,0.86,NA,NA,NA,2.29,NA,NA
1923,1923-10-01,NA,NA,NA,NA,0.82,NA,NA,NA,2.7,NA,NA
1923,1923-11-01,NA,NA,NA,NA,0.77,NA,NA,NA,2.2,NA,NA
1923,1923-12-01,NA,NA,NA,NA,0.72,NA,NA,NA,2,NA,NA
1924,1924-01-01,NA,NA,NA,NA,0.71,NA,NA,NA,2.2,NA,NA
1924,1924-02-01,NA,NA,NA,NA,0.75,NA,NA,NA,2.35,NA,NA
1924,1924-03-01,NA,NA,NA,NA,0.74,NA,NA,NA,2.5,NA,NA
1924,1924-04-01,NA,NA,NA,NA,0.75,NA,NA,NA,2.5,NA,NA
1924,1924-05-01,NA,NA,NA,NA,0.79,NA,NA,NA,2.6,NA,NA
1924,1924-06-01,NA,NA,NA,NA,0.78,NA,NA,NA,2.6,NA,NA
1924,1924-07-01,NA,NA,NA,NA,1,NA,NA,NA,3,NA,NA
1924,1924-08-01,NA,NA,NA,NA,1.12,NA,NA,NA,NA,NA,NA
1924,1924-09-01,NA,NA,NA,NA,1.18,NA,NA,NA,NA,NA,NA
1924,1924-10-01,NA,NA,NA,NA,1.24,NA,NA,NA,2.4,NA,NA
1924,1924-11-01,NA,NA,NA,NA,1.07,NA,NA,NA,2.2,NA,NA
1924,1924-12-01,NA,NA,NA,NA,1.1,NA,NA,NA,2.25,NA,NA
1925,1925-01-01,NA,NA,NA,NA,1.22,NA,NA,NA,2.5,NA,NA
1925,1925-02-01,NA,NA,NA,NA,1.28,NA,NA,NA,2.5,NA,NA
1925,1925-03-01,NA,NA,NA,NA,1.23,NA,NA,NA,2.6,NA,NA
1925,1925-04-01,NA,NA,NA,NA,1.12,NA,NA,NA,2.1,NA,NA
1925,1925-05-01,NA,NA,NA,NA,1.16,NA,NA,NA,2.4,NA,NA
1925,1925-06-01,NA,NA,NA,NA,1.21,NA,NA,NA,2.1,NA,NA
1925,1925-07-01,NA,NA,NA,NA,1.16,NA,NA,NA,2.38,NA,NA
1925,1925-08-01,NA,NA,NA,NA,1.13,NA,NA,NA,2.1,NA,NA
1925,1925-09-01,NA,NA,NA,NA,1.02,NA,NA,NA,2,NA,NA
1925,1925-10-01,NA,NA,NA,NA,0.77,NA,NA,NA,2.2,NA,NA
1925,1925-11-01,NA,NA,NA,NA,0.61,NA,NA,NA,1.88,NA,NA
1925,1925-12-01,NA,NA,NA,NA,0.59,NA,NA,NA,2.39,NA,NA
1926,1926-01-01,NA,NA,NA,NA,0.62,NA,NA,NA,2.29,NA,NA
1926,1926-02-01,NA,NA,NA,NA,0.64,NA,NA,NA,2.47,NA,NA
1926,1926-03-01,NA,NA,NA,NA,0.62,NA,NA,NA,2.5,NA,NA
1926,1926-04-01,NA,NA,NA,NA,0.61,NA,NA,NA,2.5,NA,NA
1926,1926-05-01,NA,NA,NA,NA,0.64,NA,NA,NA,2.7,NA,NA
1926,1926-06-01,NA,NA,NA,NA,0.65,NA,NA,NA,3,NA,NA
1926,1926-07-01,NA,NA,NA,NA,0.69,NA,NA,NA,3.1,NA,NA
1926,1926-08-01,NA,NA,NA,NA,0.77,NA,NA,NA,2.8,NA,NA
1926,1926-09-01,NA,NA,NA,NA,0.73,NA,NA,NA,2.8,NA,NA
1926,1926-10-01,NA,NA,NA,NA,0.74,NA,NA,NA,1.5,NA,NA
1926,1926-11-01,NA,NA,NA,NA,0.65,NA,NA,NA,2,NA,NA
1926,1926-12-01,NA,NA,NA,NA,0.58,NA,NA,NA,2.1,NA,NA
1927,1927-01-01,NA,NA,NA,NA,0.6,NA,NA,NA,2.1,NA,NA
1927,1927-02-01,NA,NA,NA,NA,0.63,NA,NA,NA,2.1,NA,NA
1927,1927-03-01,NA,NA,NA,NA,0.6,NA,NA,NA,2.3,NA,NA
1927,1927-04-01,NA,NA,NA,NA,0.59,NA,NA,NA,2.5,NA,NA
1927,1927-05-01,NA,NA,NA,NA,0.69,NA,NA,NA,2.5,NA,NA
1927,1927-06-01,NA,NA,NA,NA,0.9,NA,NA,NA,2.6,NA,NA
1927,1927-07-01,NA,NA,NA,NA,0.93,NA,NA,NA,2.6,NA,NA
1927,1927-08-01,NA,NA,NA,NA,1.01,NA,NA,NA,2.5,NA,NA
1927,1927-09-01,NA,NA,NA,NA,1.02,NA,NA,NA,2.2,NA,NA
1927,1927-10-01,NA,NA,NA,NA,0.95,NA,NA,NA,2.3,NA,NA
1927,1927-11-01,NA,NA,NA,NA,0.8,NA,NA,NA,2.1,NA,NA
1927,1927-12-01,NA,NA,NA,NA,0.77,NA,NA,NA,1.8,NA,NA
1928,1928-01-01,NA,NA,NA,NA,0.78,NA,NA,NA,2.05,NA,NA
1928,1928-02-01,NA,NA,NA,NA,0.84,NA,NA,NA,1.7,NA,NA
1928,1928-03-01,NA,NA,NA,NA,0.95,NA,NA,NA,2,NA,NA
1928,1928-04-01,NA,NA,NA,NA,1,NA,NA,NA,2.05,NA,NA
1928,1928-05-01,NA,NA,NA,NA,1.11,NA,NA,NA,2.1,NA,NA
1928,1928-06-01,NA,NA,NA,NA,1.09,NA,NA,NA,2.2,NA,NA
1928,1928-07-01,NA,NA,NA,NA,1.11,NA,NA,NA,2.3,NA,NA
1928,1928-08-01,NA,NA,NA,NA,1.08,NA,NA,NA,2.4,NA,NA
1928,1928-09-01,NA,NA,NA,NA,1.02,NA,NA,NA,2.2,NA,NA
1928,1928-10-01,NA,NA,NA,NA,0.88,NA,NA,NA,2.1,NA,NA
1928,1928-11-01,NA,NA,NA,NA,0.75,NA,NA,NA,1.75,NA,NA
1928,1928-12-01,NA,NA,NA,NA,0.78,NA,NA,NA,1.8,NA,NA
1929,1929-01-01,NA,NA,NA,NA,0.83,NA,NA,NA,2.05,NA,NA
1929,1929-02-01,NA,NA,NA,NA,0.93,NA,NA,NA,2.2,NA,NA
1929,1929-03-01,NA,NA,NA,NA,0.95,NA,NA,NA,2.1,NA,NA
1929,1929-04-01,NA,NA,NA,NA,0.92,NA,NA,NA,2.4,NA,NA
1929,1929-05-01,NA,NA,NA,NA,0.91,NA,NA,NA,2.25,NA,NA
1929,1929-06-01,NA,NA,NA,NA,0.9,NA,NA,NA,2.45,NA,NA
1929,1929-07-01,NA,NA,NA,NA,0.95,NA,NA,NA,2.6,NA,NA
1929,1929-08-01,NA,NA,NA,NA,1.02,NA,NA,NA,2.4,NA,NA
1929,1929-09-01,NA,NA,NA,NA,1.03,NA,NA,NA,2.4,NA,NA
1929,1929-10-01,NA,NA,NA,NA,0.98,NA,NA,NA,1.95,NA,NA
1929,1929-11-01,NA,NA,NA,NA,0.84,NA,NA,NA,1.9,NA,NA
1929,1929-12-01,NA,NA,NA,NA,0.76,NA,NA,NA,1.75,NA,NA
1930,1930-01-01,NA,NA,NA,NA,0.76,NA,NA,NA,1.95,NA,NA
1930,1930-02-01,NA,NA,NA,NA,0.74,NA,NA,NA,1.95,NA,NA
1930,1930-03-01,NA,NA,NA,NA,0.72,NA,NA,NA,2.15,NA,NA
1930,1930-04-01,NA,NA,NA,NA,0.77,NA,NA,NA,2.25,NA,NA
1930,1930-05-01,NA,NA,NA,NA,0.76,NA,NA,NA,2.1,NA,NA
1930,1930-06-01,NA,NA,NA,NA,0.79,NA,NA,NA,2.3,NA,NA
1930,1930-07-01,NA,NA,NA,NA,0.76,NA,NA,NA,2.25,NA,NA
1930,1930-08-01,NA,NA,NA,NA,0.94,NA,NA,NA,2.35,NA,NA
1930,1930-09-01,NA,NA,NA,NA,0.96,NA,NA,NA,2.1,NA,NA
1930,1930-10-01,NA,NA,NA,NA,0.86,NA,NA,NA,1.95,NA,NA
1930,1930-11-01,NA,NA,NA,NA,0.67,NA,NA,NA,1.6,NA,NA
1930,1930-12-01,NA,NA,NA,NA,0.67,NA,NA,NA,1.45,NA,NA
1931,1931-01-01,NA,NA,NA,NA,0.67,NA,NA,NA,1.5,NA,NA
1931,1931-02-01,NA,NA,NA,NA,0.65,NA,NA,NA,1.35,NA,NA
1931,1931-03-01,NA,NA,NA,NA,0.65,NA,NA,NA,1.55,NA,NA
1931,1931-04-01,NA,NA,NA,NA,0.66,NA,NA,NA,1.6,NA,NA
1931,1931-05-01,NA,NA,NA,NA,0.63,NA,NA,NA,1.45,NA,NA
1931,1931-06-01,NA,NA,NA,NA,0.6,NA,NA,NA,1.35,NA,NA
1931,1931-07-01,NA,NA,NA,NA,0.58,NA,NA,NA,1.25,NA,NA
1931,1931-08-01,NA,NA,NA,NA,0.55,NA,NA,NA,1.25,NA,NA
1931,1931-09-01,NA,NA,NA,NA,0.45,NA,NA,NA,1.15,NA,NA
1931,1931-10-01,NA,NA,NA,NA,0.31,NA,NA,NA,0.6,NA,NA
1931,1931-11-01,NA,NA,NA,NA,0.35,NA,NA,NA,0.36,NA,NA
1931,1931-12-01,NA,NA,NA,NA,0.31,NA,NA,NA,0.43,NA,NA
1932,1932-01-01,NA,NA,NA,NA,0.3,NA,NA,NA,0.49,NA,NA
1932,1932-02-01,NA,NA,NA,NA,0.29,NA,NA,NA,0.51,NA,NA
1932,1932-03-01,NA,NA,NA,NA,0.29,NA,NA,NA,0.53,NA,NA
1932,1932-04-01,NA,NA,NA,NA,0.28,NA,NA,NA,0.5,NA,NA
1932,1932-05-01,NA,NA,NA,NA,0.27,NA,NA,NA,0.5,NA,NA
1932,1932-06-01,NA,NA,NA,NA,0.26,NA,NA,NA,0.6,NA,NA
1932,1932-07-01,NA,NA,NA,NA,0.26,NA,NA,NA,0.45,NA,NA
1932,1932-08-01,NA,NA,NA,NA,0.28,NA,NA,NA,0.5,NA,NA
1932,1932-09-01,NA,NA,NA,NA,0.28,NA,NA,NA,0.5,NA,NA
1932,1932-10-01,NA,NA,NA,NA,0.23,NA,NA,NA,0.4,NA,NA
1932,1932-11-01,NA,NA,NA,NA,0.19,NA,NA,NA,0.33,NA,NA
1932,1932-12-01,NA,NA,NA,NA,0.2,NA,NA,NA,0.38,NA,NA
1933,1933-01-01,NA,NA,NA,NA,0.2,NA,NA,NA,0.38,NA,NA
1933,1933-02-01,NA,NA,NA,NA,0.22,NA,NA,NA,0.4,NA,NA
1933,1933-03-01,NA,NA,NA,NA,0.22,NA,NA,NA,0.49,NA,NA
1933,1933-04-01,NA,NA,NA,NA,0.33,NA,NA,NA,0.7,NA,NA
1933,1933-05-01,NA,NA,NA,NA,0.43,NA,NA,NA,1.05,NA,NA
1933,1933-06-01,NA,NA,NA,NA,0.44,NA,NA,NA,1.15,NA,NA
1933,1933-07-01,NA,NA,NA,NA,0.6,NA,NA,NA,1.25,NA,NA
1933,1933-08-01,NA,NA,NA,NA,0.56,NA,NA,NA,1.15,NA,NA
1933,1933-09-01,NA,NA,NA,NA,0.52,NA,NA,NA,0.9,NA,NA
1933,1933-10-01,NA,NA,NA,NA,0.39,NA,NA,NA,0.9,NA,NA
1933,1933-11-01,NA,NA,NA,NA,0.37,NA,NA,NA,0.7,NA,NA
1933,1933-12-01,NA,NA,NA,NA,0.39,NA,NA,NA,0.65,NA,NA
1934,1934-01-01,NA,NA,NA,NA,0.41,NA,NA,NA,0.7,NA,NA
1934,1934-02-01,NA,NA,NA,NA,0.45,NA,NA,NA,0.9,NA,NA
1934,1934-03-01,NA,NA,NA,NA,0.46,NA,NA,NA,1.1,NA,NA
1934,1934-04-01,NA,NA,NA,NA,0.45,NA,NA,NA,1.15,NA,NA
1934,1934-05-01,NA,NA,NA,NA,0.47,NA,NA,NA,1.25,NA,NA
1934,1934-06-01,NA,NA,NA,NA,0.54,NA,NA,NA,1.25,NA,NA
1934,1934-07-01,NA,NA,NA,NA,0.56,NA,NA,NA,1.4,NA,NA
1934,1934-08-01,NA,NA,NA,NA,0.7,NA,NA,NA,1.4,NA,NA
1934,1934-09-01,NA,NA,NA,NA,0.76,NA,NA,NA,1.25,NA,NA
1934,1934-10-01,NA,NA,NA,NA,0.71,NA,NA,NA,0.95,NA,NA
1934,1934-11-01,NA,NA,NA,NA,0.69,NA,NA,NA,0.8,NA,NA
1934,1934-12-01,NA,NA,NA,NA,0.81,NA,NA,NA,1,NA,NA
1935,1935-01-01,NA,NA,NA,NA,0.81,NA,NA,NA,1.2,NA,NA
1935,1935-02-01,NA,NA,NA,NA,0.8,NA,NA,NA,1.2,NA,NA
1935,1935-03-01,NA,NA,NA,NA,0.76,NA,NA,NA,1.25,NA,NA
1935,1935-04-01,NA,NA,NA,NA,0.8,NA,NA,NA,1.25,NA,NA
1935,1935-05-01,NA,NA,NA,NA,0.8,NA,NA,NA,1.3,NA,NA
1935,1935-06-01,NA,NA,NA,NA,0.8,NA,NA,NA,1.3,NA,NA
1935,1935-07-01,NA,NA,NA,NA,0.79,NA,NA,NA,1.25,NA,NA
1935,1935-08-01,NA,NA,NA,NA,0.78,NA,NA,NA,1.05,NA,NA
1935,1935-09-01,NA,NA,NA,NA,0.77,NA,NA,NA,1,NA,NA
1935,1935-10-01,NA,NA,NA,NA,0.74,NA,NA,NA,0.65,NA,NA
1935,1935-11-01,NA,NA,NA,NA,0.48,NA,NA,NA,0.65,NA,NA
1935,1935-12-01,NA,NA,NA,NA,0.45,NA,NA,NA,0.65,NA,NA
1936,1936-01-01,NA,NA,NA,NA,0.46,NA,NA,NA,0.7,NA,NA
1936,1936-02-01,NA,NA,NA,NA,0.49,NA,NA,NA,0.7,NA,NA
1936,1936-03-01,NA,NA,NA,NA,0.49,NA,NA,NA,0.7,NA,NA
1936,1936-04-01,NA,NA,NA,NA,0.51,NA,NA,NA,0.7,NA,NA
1936,1936-05-01,NA,NA,NA,NA,0.55,NA,NA,NA,0.7,NA,NA
1936,1936-06-01,NA,NA,NA,NA,0.58,NA,NA,NA,0.7,NA,NA
1936,1936-07-01,NA,NA,NA,NA,0.78,NA,NA,NA,0.8,NA,NA
1936,1936-08-01,NA,NA,NA,NA,1.03,NA,NA,NA,1.05,NA,NA
1936,1936-09-01,NA,NA,NA,NA,1.01,NA,NA,NA,1,NA,NA
1936,1936-10-01,NA,NA,NA,NA,0.94,NA,NA,NA,1.05,NA,NA
1936,1936-11-01,NA,NA,NA,NA,0.82,NA,NA,NA,1.1,NA,NA
1936,1936-12-01,NA,NA,NA,NA,0.9,NA,NA,NA,1.2,NA,NA
1937,1937-01-01,NA,NA,NA,NA,0.96,NA,NA,NA,1.4,NA,NA
1937,1937-02-01,NA,NA,NA,NA,0.98,NA,NA,NA,1.4,NA,NA
1937,1937-03-01,NA,NA,NA,NA,0.99,NA,NA,NA,1.5,NA,NA
1937,1937-04-01,NA,NA,NA,NA,1.16,NA,NA,NA,1.6,NA,NA
1937,1937-05-01,NA,NA,NA,NA,1.21,NA,NA,NA,1.7,NA,NA
1937,1937-06-01,NA,NA,NA,NA,1.14,NA,NA,NA,1.55,NA,NA
1937,1937-07-01,NA,NA,NA,NA,1.17,NA,NA,NA,1.35,NA,NA
1937,1937-08-01,NA,NA,NA,NA,1.03,NA,NA,NA,1.05,NA,NA
1937,1937-09-01,NA,NA,NA,NA,0.98,NA,NA,NA,0.9,NA,NA
1937,1937-10-01,NA,NA,NA,NA,0.58,NA,NA,NA,0.8,NA,NA
1937,1937-11-01,NA,NA,NA,NA,0.45,NA,NA,NA,0.8,NA,NA
1937,1937-12-01,NA,NA,NA,NA,0.47,NA,NA,NA,0.8,NA,NA
1938,1938-01-01,NA,NA,NA,NA,0.53,NA,NA,NA,0.85,NA,NA
1938,1938-02-01,NA,NA,NA,NA,0.51,NA,NA,NA,0.9,NA,NA
1938,1938-03-01,NA,NA,NA,NA,0.49,NA,NA,NA,0.85,NA,NA
1938,1938-04-01,NA,NA,NA,NA,0.52,NA,NA,NA,0.85,NA,NA
1938,1938-05-01,NA,NA,NA,NA,0.52,NA,NA,NA,0.85,NA,NA
1938,1938-06-01,NA,NA,NA,NA,0.53,NA,NA,NA,0.8,NA,NA
1938,1938-07-01,NA,NA,NA,NA,0.55,NA,NA,NA,0.8,NA,NA
1938,1938-08-01,NA,NA,NA,NA,0.49,NA,NA,NA,0.7,NA,NA
1938,1938-09-01,NA,NA,NA,NA,0.49,NA,NA,NA,0.7,NA,NA
1938,1938-10-01,NA,NA,NA,NA,0.42,NA,NA,NA,0.6,NA,NA
1938,1938-11-01,NA,NA,NA,NA,0.38,NA,NA,NA,0.6,NA,NA
1938,1938-12-01,NA,NA,NA,NA,0.45,NA,NA,NA,0.65,NA,NA
1939,1939-01-01,NA,NA,NA,NA,0.47,NA,NA,NA,0.7,NA,NA
1939,1939-02-01,NA,NA,NA,NA,0.46,NA,NA,NA,0.7,NA,NA
1939,1939-03-01,NA,NA,NA,NA,0.45,NA,NA,NA,0.7,NA,NA
1939,1939-04-01,NA,NA,NA,NA,0.46,NA,NA,NA,0.75,NA,NA
1939,1939-05-01,NA,NA,NA,NA,0.49,NA,NA,NA,0.8,NA,NA
1939,1939-06-01,NA,NA,NA,NA,0.51,NA,NA,NA,0.8,NA,NA
1939,1939-07-01,NA,NA,NA,NA,0.47,NA,NA,NA,0.65,NA,NA
1939,1939-08-01,NA,NA,NA,NA,0.45,NA,NA,NA,0.6,NA,NA
1939,1939-09-01,NA,NA,NA,NA,0.56,NA,NA,NA,0.7,NA,NA
1939,1939-10-01,NA,NA,NA,NA,0.45,NA,NA,NA,0.7,NA,NA
1939,1939-11-01,NA,NA,NA,NA,0.45,NA,NA,NA,0.85,NA,NA
1939,1939-12-01,NA,NA,NA,NA,0.51,NA,NA,NA,1,NA,NA
1940,1940-01-01,NA,NA,NA,NA,0.53,NA,NA,NA,1.05,NA,NA
1940,1940-02-01,NA,NA,NA,NA,0.55,NA,NA,NA,0.96,NA,NA
1940,1940-03-01,NA,NA,NA,NA,0.55,NA,NA,NA,1,NA,NA
1940,1940-04-01,NA,NA,NA,NA,0.57,NA,NA,NA,1,NA,NA
1940,1940-05-01,NA,NA,NA,NA,0.62,NA,NA,NA,0.96,NA,NA
1940,1940-06-01,NA,NA,NA,NA,0.62,NA,NA,NA,0.73,NA,NA
1940,1940-07-01,NA,NA,NA,NA,0.63,NA,NA,NA,0.7,NA,NA
1940,1940-08-01,NA,NA,NA,NA,0.66,NA,NA,NA,0.66,NA,NA
1940,1940-09-01,NA,NA,NA,NA,0.68,NA,NA,NA,0.66,NA,NA
1940,1940-10-01,NA,NA,NA,NA,0.65,NA,NA,NA,0.67,NA,NA
1940,1940-11-01,NA,NA,NA,NA,0.6,NA,NA,NA,0.87,NA,NA
1940,1940-12-01,NA,NA,NA,NA,0.6,NA,NA,NA,0.86,NA,NA
1941,1941-01-01,NA,NA,NA,NA,0.62,NA,NA,NA,0.9,NA,NA
1941,1941-02-01,NA,NA,NA,NA,0.61,NA,NA,NA,0.84,NA,NA
1941,1941-03-01,NA,NA,NA,NA,0.63,NA,NA,NA,0.87,NA,NA
1941,1941-04-01,NA,NA,NA,NA,0.68,NA,NA,NA,1.05,NA,NA
1941,1941-05-01,NA,NA,NA,NA,0.74,NA,NA,NA,1.15,NA,NA
1941,1941-06-01,NA,NA,NA,NA,0.77,NA,NA,NA,1.19,NA,NA
1941,1941-07-01,NA,NA,NA,NA,0.79,NA,NA,NA,1.26,NA,NA
1941,1941-08-01,NA,NA,NA,NA,0.79,NA,NA,NA,1.29,NA,NA
1941,1941-09-01,NA,NA,NA,NA,0.81,NA,NA,NA,1.58,NA,NA
1941,1941-10-01,NA,NA,NA,NA,0.7,NA,NA,NA,1.41,NA,NA
1941,1941-11-01,NA,NA,NA,NA,0.63,NA,NA,NA,1.43,NA,NA
1941,1941-12-01,NA,NA,NA,NA,0.69,NA,NA,NA,1.5,NA,NA
1942,1942-01-01,NA,NA,NA,NA,0.77,NA,NA,NA,1.7,NA,NA
1942,1942-02-01,NA,NA,NA,NA,0.8,NA,NA,NA,1.8,NA,NA
1942,1942-03-01,NA,NA,NA,NA,0.81,NA,NA,NA,1.8,NA,NA
1942,1942-04-01,NA,NA,NA,NA,0.81,NA,NA,NA,1.73,NA,NA
1942,1942-05-01,NA,NA,NA,NA,0.83,NA,NA,NA,1.69,NA,NA
1942,1942-06-01,NA,NA,NA,NA,0.83,NA,NA,NA,1.6,NA,NA
1942,1942-07-01,NA,NA,NA,NA,0.85,NA,NA,NA,1.59,NA,NA
1942,1942-08-01,NA,NA,NA,NA,0.87,NA,NA,NA,1.55,NA,NA
1942,1942-09-01,NA,NA,NA,NA,0.86,NA,NA,NA,1.55,NA,NA
1942,1942-10-01,NA,NA,NA,NA,0.79,NA,NA,NA,1.6,NA,NA
1942,1942-11-01,NA,NA,NA,NA,0.73,NA,NA,NA,1.6,NA,NA
1942,1942-12-01,NA,NA,NA,NA,0.77,NA,NA,NA,1.6,NA,NA
1943,1943-01-01,NA,NA,NA,NA,0.88,NA,NA,NA,1.6,NA,NA
1943,1943-02-01,NA,NA,NA,NA,0.89,NA,NA,NA,1.6,NA,NA
1943,1943-03-01,NA,NA,NA,NA,0.91,NA,NA,NA,1.64,NA,NA
1943,1943-04-01,NA,NA,NA,NA,0.96,NA,NA,NA,1.64,NA,NA
1943,1943-05-01,NA,NA,NA,NA,1.01,NA,NA,NA,1.66,NA,NA
1943,1943-06-01,NA,NA,NA,NA,1.04,NA,NA,NA,1.66,NA,NA
1943,1943-07-01,NA,NA,NA,NA,1.07,NA,NA,NA,1.66,NA,NA
1943,1943-08-01,NA,NA,NA,NA,1.11,NA,NA,NA,1.65,NA,NA
1943,1943-09-01,NA,NA,NA,NA,1.1,NA,NA,NA,1.66,NA,NA
1943,1943-10-01,NA,NA,NA,NA,1.07,NA,NA,NA,1.8,NA,NA
1943,1943-11-01,NA,NA,NA,NA,1.03,NA,NA,NA,1.79,NA,NA
1943,1943-12-01,NA,NA,NA,NA,1.09,NA,NA,NA,1.8,NA,NA
1944,1944-01-01,NA,NA,NA,NA,1.1,NA,NA,NA,1.8,NA,NA
1944,1944-02-01,NA,NA,NA,NA,1.1,NA,NA,NA,1.8,NA,NA
1944,1944-03-01,NA,NA,NA,NA,1.11,NA,NA,NA,1.84,NA,NA
1944,1944-04-01,NA,NA,NA,NA,1.13,NA,NA,NA,1.84,NA,NA
1944,1944-05-01,NA,NA,NA,NA,1.14,NA,NA,NA,1.86,NA,NA
1944,1944-06-01,NA,NA,NA,NA,1.15,NA,NA,NA,1.85,NA,NA
1944,1944-07-01,NA,NA,NA,NA,1.17,NA,NA,NA,1.86,NA,NA
1944,1944-08-01,NA,NA,NA,NA,1.17,NA,NA,NA,1.85,NA,NA
1944,1944-09-01,NA,NA,NA,NA,1.18,NA,NA,NA,1.91,NA,NA
1944,1944-10-01,NA,NA,NA,NA,1.15,NA,NA,NA,2.04,NA,NA
1944,1944-11-01,NA,NA,NA,NA,1.06,NA,NA,NA,2.05,NA,NA
1944,1944-12-01,NA,NA,NA,NA,1.09,NA,NA,NA,2.04,NA,NA
1945,1945-01-01,NA,NA,NA,NA,1.11,NA,NA,NA,2.05,NA,NA
1945,1945-02-01,NA,NA,NA,NA,1.12,NA,NA,NA,2.07,NA,NA
1945,1945-03-01,NA,NA,NA,NA,1.12,NA,NA,NA,2.09,NA,NA
1945,1945-04-01,NA,NA,NA,NA,1.14,NA,NA,NA,2.1,NA,NA
1945,1945-05-01,NA,NA,NA,NA,1.14,NA,NA,NA,2.1,NA,NA
1945,1945-06-01,NA,NA,NA,NA,1.15,NA,NA,NA,2.1,NA,NA
1945,1945-07-01,NA,NA,NA,NA,1.16,NA,NA,NA,2.1,NA,NA
1945,1945-08-01,NA,NA,NA,NA,1.16,NA,NA,NA,2.1,NA,NA
1945,1945-09-01,NA,NA,NA,NA,1.16,NA,NA,NA,2.05,NA,NA
1945,1945-10-01,NA,NA,NA,NA,1.15,NA,NA,NA,2.05,NA,NA
1945,1945-11-01,NA,NA,NA,NA,1.1,NA,NA,NA,2.05,NA,NA
1945,1945-12-01,NA,NA,NA,NA,1.08,NA,NA,NA,2.05,NA,NA
1946,1946-01-01,NA,NA,NA,NA,1.1,NA,NA,NA,2.05,NA,NA
1946,1946-02-01,NA,NA,NA,NA,1.11,NA,NA,NA,2.1,NA,NA
1946,1946-03-01,NA,NA,NA,NA,1.16,NA,NA,NA,2.1,NA,NA
1946,1946-04-01,NA,NA,NA,NA,1.18,NA,NA,NA,2.1,NA,NA
1946,1946-05-01,NA,NA,NA,NA,1.41,NA,NA,NA,2.1,NA,NA
1946,1946-06-01,NA,NA,NA,NA,1.44,NA,NA,NA,2.1,NA,NA
1946,1946-07-01,NA,NA,NA,NA,1.89,NA,NA,NA,2.2,NA,NA
1946,1946-08-01,NA,NA,NA,NA,1.77,NA,NA,NA,2.16,NA,NA
1946,1946-09-01,NA,NA,NA,NA,1.75,NA,NA,NA,2.1,NA,NA
1946,1946-10-01,NA,NA,NA,NA,1.76,NA,NA,NA,2.23,NA,NA
1946,1946-11-01,NA,NA,NA,NA,1.26,NA,NA,NA,3.1,NA,NA
1946,1946-12-01,NA,NA,NA,NA,1.19,NA,NA,NA,2.75,NA,NA
1947,1947-01-01,NA,NA,NA,NA,1.22,NA,NA,NA,2.93,NA,NA
1947,1947-02-01,NA,NA,NA,NA,1.23,NA,NA,NA,3,NA,NA
1947,1947-03-01,NA,NA,NA,NA,1.53,NA,NA,NA,3.7,NA,NA
1947,1947-04-01,NA,NA,NA,NA,1.66,NA,NA,NA,3.7,NA,NA
1947,1947-05-01,NA,NA,NA,NA,1.63,NA,NA,NA,2.9,NA,NA
1947,1947-06-01,NA,NA,NA,NA,1.95,NA,NA,NA,2.9,NA,NA
1947,1947-07-01,NA,NA,NA,NA,2.12,NA,NA,NA,3,NA,NA
1947,1947-08-01,NA,NA,NA,NA,2.28,NA,NA,NA,3.05,NA,NA
1947,1947-09-01,NA,NA,NA,NA,2.47,NA,NA,NA,2.98,NA,NA
1947,1947-10-01,NA,NA,NA,NA,2.3,NA,NA,NA,3.16,NA,NA
1947,1947-11-01,NA,NA,NA,NA,2.19,NA,NA,NA,3.47,NA,NA
1947,1947-12-01,NA,NA,NA,NA,2.3,NA,NA,NA,3.7,NA,NA
1948,1948-01-01,NA,NA,NA,NA,2.44,NA,NA,NA,4.2,NA,NA
1948,1948-02-01,NA,NA,NA,NA,1.85,NA,NA,NA,2.91,NA,NA
1948,1948-03-01,NA,NA,NA,NA,2.09,NA,NA,NA,3.25,NA,NA
1948,1948-04-01,NA,NA,NA,NA,2.2,NA,NA,NA,3.65,NA,NA
1948,1948-05-01,NA,NA,NA,NA,2.18,NA,NA,NA,3.7,NA,NA
1948,1948-06-01,NA,NA,NA,NA,2.17,NA,NA,NA,3.9,NA,NA
1948,1948-07-01,NA,NA,NA,NA,2.03,NA,NA,NA,3.64,NA,NA
1948,1948-08-01,NA,NA,NA,NA,1.96,NA,NA,NA,2.7,NA,NA
1948,1948-09-01,NA,NA,NA,NA,1.86,NA,NA,NA,2.4,NA,NA
1948,1948-10-01,NA,NA,NA,NA,1.42,NA,NA,NA,2.32,NA,NA
1948,1948-11-01,NA,NA,NA,NA,1.2,NA,NA,NA,2.38,NA,NA
1948,1948-12-01,NA,NA,NA,NA,1.18,NA,NA,NA,2.36,NA,NA
1949,1949-01-01,NA,NA,NA,NA,1.24,31,NA,25.1,2.28,2.14,2.14
1949,1949-02-01,NA,NA,NA,NA,1.08,29.5,NA,24.3,2.04,2.01,2.01
1949,1949-03-01,NA,NA,NA,NA,1.17,30,NA,24.4,2.11,2.06,2.06
1949,1949-04-01,NA,NA,NA,NA,1.21,30,NA,23.7,2.1,2.1,2.1
1949,1949-05-01,NA,NA,NA,NA,1.23,28,NA,22.5,2.21,2.13,2.13
1949,1949-06-01,NA,NA,NA,NA,1.22,24.5,NA,21.2,2.17,1.95,1.95
1949,1949-07-01,NA,NA,NA,NA,1.27,24.5,NA,21.3,2.33,1.72,1.72
1949,1949-08-01,NA,NA,NA,NA,1.19,25,NA,21.6,2.55,1.69,1.69
1949,1949-09-01,NA,NA,NA,NA,1.21,26.5,NA,22.4,2.13,1.83,1.83
1949,1949-10-01,NA,NA,NA,NA,1.11,26.5,NA,22.4,2.06,1.83,1.83
1949,1949-11-01,NA,NA,NA,NA,1.01,26.5,NA,22.3,1.91,1.83,1.83
1949,1949-12-01,NA,NA,NA,NA,1.18,27,NA,23.7,2.09,1.91,1.91
1950,1950-01-01,NA,NA,NA,NA,1.2,27,NA,23.7,2.09,1.91,1.91
1950,1950-02-01,NA,NA,NA,NA,1.19,25.5,NA,22.6,2.08,1.91,1.91
1950,1950-03-01,NA,NA,NA,NA,1.25,24.5,NA,22,2.24,2,2
1950,1950-04-01,NA,NA,NA,NA,1.31,25.5,NA,22.5,2.51,2.06,2.06
1950,1950-05-01,NA,NA,NA,NA,1.38,26.5,NA,23.2,2.71,2.08,2.08
1950,1950-06-01,NA,NA,NA,NA,1.38,25,NA,22.6,2.8,1.89,1.89
1950,1950-07-01,NA,NA,NA,NA,1.46,25,NA,22,2.93,1.96,1.96
1950,1950-08-01,NA,NA,NA,NA,1.47,24.5,NA,21.6,2.33,1.95,1.95
1950,1950-09-01,NA,NA,NA,NA,1.49,25,NA,22.8,2.23,1.95,1.95
1950,1950-10-01,NA,NA,NA,NA,1.46,25,NA,22.4,2.05,1.91,1.91
1950,1950-11-01,NA,NA,NA,NA,1.43,26.2,NA,23.8,2.55,1.96,1.96
1950,1950-12-01,NA,NA,NA,NA,1.53,26.5,NA,23.9,2.72,2.11,2.11
1951,1951-01-01,NA,NA,NA,NA,1.64,27.3,NA,25.2,2.95,2.19,2.19
1951,1951-02-01,NA,NA,NA,NA,1.7,27.5,NA,24.5,3.13,2.33,2.33
1951,1951-03-01,NA,NA,NA,NA,1.68,26.6,NA,24.2,3.13,2.26,2.26
1951,1951-04-01,NA,NA,NA,NA,1.69,27.2,NA,24.6,3.13,2.28,2.28
1951,1951-05-01,NA,NA,NA,NA,1.7,26.5,NA,24.6,3.14,2.23,2.23
1951,1951-06-01,NA,NA,NA,NA,1.65,24.3,NA,22.3,2.97,2.15,2.15
1951,1951-07-01,NA,NA,NA,NA,1.67,22.5,NA,20.6,2.84,2.14,2.14
1951,1951-08-01,NA,NA,NA,NA,1.7,23.5,NA,21.1,2.67,2.19,2.19
1951,1951-09-01,NA,NA,NA,NA,1.74,26.1,NA,23,2.57,2.23,2.23
1951,1951-10-01,NA,NA,NA,NA,1.7,26.8,NA,23.8,2.64,2.24,2.24
1951,1951-11-01,NA,NA,NA,NA,1.68,27.7,NA,24.5,2.77,2.33,2.33
1951,1951-12-01,NA,NA,NA,NA,1.8,28.3,NA,25.2,2.87,2.45,2.45
1952,1952-01-01,NA,NA,NA,NA,1.81,29.3,NA,26,2.82,2.42,2.42
1952,1952-02-01,NA,NA,NA,NA,1.75,29.2,NA,25.8,2.8,2.38,2.38
1952,1952-03-01,NA,NA,NA,NA,1.74,29.4,NA,25.3,2.77,2.36,2.36
1952,1952-04-01,NA,NA,NA,NA,1.74,28.5,NA,24.5,2.72,2.36,2.36
1952,1952-05-01,NA,NA,NA,NA,1.73,25.5,NA,22.9,2.79,2.25,2.25
1952,1952-06-01,NA,NA,NA,NA,1.75,25.7,NA,23,3.05,2.07,2.07
1952,1952-07-01,NA,NA,NA,NA,1.74,24.4,NA,21.8,3.05,1.94,1.94
1952,1952-08-01,NA,NA,NA,NA,1.75,27.9,NA,24.1,3.1,1.99,1.99
1952,1952-09-01,NA,NA,NA,NA,1.74,29,NA,26.1,2.83,2.05,2.05
1952,1952-10-01,NA,NA,NA,NA,1.56,30.1,NA,26.7,2.7,2.04,2.04
1952,1952-11-01,NA,NA,NA,NA,1.44,31.5,NA,27.4,2.75,2.06,2.06
1952,1952-12-01,NA,NA,NA,NA,1.52,33.5,NA,29.3,2.79,2.09,2.09
1953,1953-01-01,NA,NA,NA,NA,1.5,33.5,NA,29.8,2.72,2.07,2.07
1953,1953-02-01,NA,NA,NA,NA,1.43,33.5,NA,29.4,2.65,2.01,2.01
1953,1953-03-01,NA,NA,NA,NA,1.46,30.8,NA,27.4,2.85,2.07,2.07
1953,1953-04-01,NA,NA,NA,NA,1.47,30.5,NA,26.8,2.83,2.02,2.02
1953,1953-05-01,NA,NA,NA,NA,1.48,29.8,NA,26.5,2.8,2,2
1953,1953-06-01,NA,NA,NA,NA,1.46,25.1,NA,23.3,2.66,1.8,1.8
1953,1953-07-01,NA,NA,NA,NA,1.47,24.2,NA,21.5,2.4,1.64,1.64
1953,1953-08-01,NA,NA,NA,NA,1.49,25.6,NA,23.3,2.41,1.61,1.61
1953,1953-09-01,NA,NA,NA,NA,1.53,26.7,NA,24.8,2.34,1.71,1.71
1953,1953-10-01,NA,NA,NA,NA,1.34,28.8,NA,25.7,2.43,1.75,1.75
1953,1953-11-01,NA,NA,NA,NA,1.31,33,NA,28.6,2.62,1.82,1.82
1953,1953-12-01,NA,NA,NA,NA,1.43,32.8,NA,29.6,2.83,1.89,1.89
1954,1954-01-01,NA,NA,NA,NA,1.45,34.8,NA,31,2.86,1.94,1.94
1954,1954-02-01,NA,NA,NA,NA,1.46,32.9,NA,29.1,3.06,2.03,2.03
1954,1954-03-01,NA,NA,NA,NA,1.47,31.4,NA,28,3.22,2.13,2.13
1954,1954-04-01,NA,NA,NA,NA,1.45,31.4,NA,28.3,3.57,1.99,1.99
1954,1954-05-01,NA,NA,NA,NA,1.48,30.7,NA,27.3,3.59,1.9,1.9
1954,1954-06-01,NA,NA,NA,NA,1.5,28.1,NA,24.4,3.55,1.77,1.77
1954,1954-07-01,NA,NA,NA,NA,1.54,26.6,NA,23.7,3.5,1.85,1.85
1954,1954-08-01,NA,NA,NA,NA,1.58,30.1,NA,26.8,3.29,1.91,1.91
1954,1954-09-01,NA,NA,NA,NA,1.57,28.9,NA,25.8,2.49,1.93,1.93
1954,1954-10-01,NA,NA,NA,NA,1.43,28.7,NA,25.7,2.56,1.93,1.93
1954,1954-11-01,NA,NA,NA,NA,1.36,28.7,NA,25.8,2.58,2.05,2.05
1954,1954-12-01,NA,NA,NA,NA,1.35,28.9,NA,25.9,2.56,2.03,2.03
1955,1955-01-01,NA,NA,NA,NA,1.39,28.5,NA,25.9,2.6,2.09,2.09
1955,1955-02-01,NA,NA,NA,NA,1.39,27.8,NA,25.6,2.63,2.08,2.08
1955,1955-03-01,NA,NA,NA,NA,1.32,26.5,NA,23.7,2.58,2,2
1955,1955-04-01,NA,NA,NA,NA,1.3,25.5,NA,22.7,2.4,1.94,1.94
1955,1955-05-01,NA,NA,NA,NA,1.32,23.5,NA,20.6,2.34,1.97,1.97
1955,1955-06-01,NA,NA,NA,NA,1.28,24,NA,20.8,2.28,1.94,1.94
1955,1955-07-01,NA,NA,NA,NA,1.29,21,NA,19,2.26,1.79,1.79
1955,1955-08-01,NA,NA,NA,NA,1.19,22.8,NA,20.8,2.3,1.71,1.71
1955,1955-09-01,NA,NA,NA,NA,1.17,22,NA,20.5,1.99,1.75,1.75
1955,1955-10-01,NA,NA,NA,NA,1.07,23.2,NA,20.9,2.1,1.83,1.83
1955,1955-11-01,NA,NA,NA,NA,1.01,21.6,NA,20.1,2.06,1.86,1.86
1955,1955-12-01,NA,NA,NA,NA,1.1,22.8,NA,20.5,2.15,1.94,1.94
1956,1956-01-01,NA,NA,NA,NA,1.15,22.7,NA,20.6,2.24,1.94,1.94
1956,1956-02-01,NA,NA,NA,NA,1.18,22.7,NA,20.3,2.3,1.98,1.98
1956,1956-03-01,NA,NA,NA,NA,1.21,20.3,NA,18.7,2.47,2.02,2.02
1956,1956-04-01,NA,NA,NA,NA,1.32,20.5,NA,19.3,2.74,2.15,2.15
1956,1956-05-01,NA,NA,NA,NA,1.41,20.5,NA,19.3,3.06,2.07,2.07
1956,1956-06-01,NA,NA,NA,NA,1.44,19.5,NA,18.5,2.97,2.07,2.07
1956,1956-07-01,NA,NA,NA,NA,1.44,20.5,NA,19.5,2.54,1.91,1.91
1956,1956-08-01,NA,NA,NA,NA,1.51,21.5,NA,20.5,2.33,1.97,1.97
1956,1956-09-01,NA,NA,NA,NA,1.52,22.5,NA,21.7,2.08,1.99,1.99
1956,1956-10-01,NA,NA,NA,NA,1.19,25,NA,23.6,2.08,2.02,2.02
1956,1956-11-01,NA,NA,NA,NA,1.22,25,NA,23.6,2.32,2.17,2.17
1956,1956-12-01,NA,NA,NA,NA,1.26,25,NA,23.4,2.29,2.24,2.24
1957,1957-01-01,NA,NA,NA,NA,1.28,24.5,NA,23.1,2.33,2.24,2.24
1957,1957-02-01,NA,NA,NA,NA,1.23,23.5,NA,21.8,2.25,2.13,2.13
1957,1957-03-01,NA,NA,NA,NA,1.23,22,NA,20.8,2.24,2.11,2.11
1957,1957-04-01,NA,NA,NA,NA,1.24,21,NA,19.8,2.21,2.04,2.04
1957,1957-05-01,NA,NA,NA,NA,1.25,20,NA,19.1,2.21,1.97,1.97
1957,1957-06-01,NA,NA,NA,NA,1.21,19.5,NA,18.4,2.15,1.89,1.89
1957,1957-07-01,NA,NA,NA,NA,1.21,20.5,NA,19.3,2.22,1.92,1.92
1957,1957-08-01,NA,NA,NA,NA,1.25,22,NA,20.5,2.33,1.98,1.98
1957,1957-09-01,NA,NA,NA,NA,1.2,23,NA,21.5,2.09,2.03,2.03
1957,1957-10-01,NA,NA,NA,NA,1.1,23.5,NA,22,2.04,2.02,2.02
1957,1957-11-01,NA,NA,NA,NA,1.09,23.5,NA,22,2.1,2.05,2.05
1957,1957-12-01,NA,NA,NA,NA,1.12,22.5,NA,20.8,2.12,2.08,2.08
1958,1958-01-01,NA,NA,NA,NA,1.1,23,NA,21.5,2.11,2.06,2.06
1958,1958-02-01,NA,NA,NA,NA,1.11,23,NA,21.5,2.08,2.02,2.02
1958,1958-03-01,NA,NA,NA,NA,1.15,24,NA,22.3,2.12,2.05,2.05
1958,1958-04-01,NA,NA,NA,NA,1.24,23,NA,21.8,2.19,2.06,2.06
1958,1958-05-01,NA,NA,NA,NA,1.25,23,NA,21.6,2.17,2.04,2.04
1958,1958-06-01,NA,NA,NA,NA,1.3,22,NA,20.8,2.17,1.95,1.95
1958,1958-07-01,NA,NA,NA,NA,1.29,21,NA,19.8,2.18,1.7,1.7
1958,1958-08-01,NA,NA,NA,NA,1.32,24,NA,22.3,2.19,1.43,1.43
1958,1958-09-01,NA,NA,NA,NA,1.28,25.5,NA,22.3,2.04,1.47,1.47
1958,1958-10-01,NA,NA,NA,NA,1.15,25.5,NA,23.1,1.95,1.53,1.53
1958,1958-11-01,NA,NA,NA,NA,0.95,25,NA,23.5,1.9,1.58,1.58
1958,1958-12-01,NA,NA,NA,NA,1.03,25.5,NA,23.8,2.02,1.66,1.66
1959,1959-01-01,NA,NA,NA,NA,1.1,25,NA,22.8,2.02,1.67,1.67
1959,1959-02-01,NA,NA,NA,NA,1.12,24,NA,22.2,2.04,1.71,1.71
1959,1959-03-01,NA,NA,NA,NA,1.14,23,NA,21.3,2.06,1.77,1.77
1959,1959-04-01,NA,NA,NA,NA,1.21,21.5,NA,20.2,2.11,1.77,1.77
1959,1959-05-01,NA,NA,NA,NA,1.21,23.5,NA,22.2,2.14,1.67,1.67
1959,1959-06-01,NA,NA,NA,NA,1.21,22,NA,20.8,2.1,1.61,1.61
1959,1959-07-01,NA,NA,NA,NA,1.19,21.5,NA,20.5,2.01,1.71,1.71
1959,1959-08-01,NA,NA,NA,NA,1.19,23,NA,21.1,1.94,1.71,1.71
1959,1959-09-01,NA,NA,NA,NA,1.13,23.5,NA,21.9,1.89,1.74,1.74
1959,1959-10-01,NA,NA,NA,NA,0.97,23.5,NA,21.9,1.94,1.78,1.78
1959,1959-11-01,NA,NA,NA,NA,0.98,24,NA,21.9,2.04,1.87,1.87
1959,1959-12-01,NA,NA,NA,NA,1.01,24,NA,22.1,2.03,1.86,1.86
1960,1960-01-01,NA,NA,NA,NA,1.05,23.5,NA,21.6,2.05,1.88,1.88
1960,1960-02-01,NA,NA,NA,NA,1.06,24.5,NA,22.5,2.03,1.85,1.85
1960,1960-03-01,NA,NA,NA,NA,1.08,25.1,NA,22.9,2.02,1.9,1.9
1960,1960-04-01,NA,NA,NA,NA,1.12,25.4,NA,23.3,2.05,1.93,1.93
1960,1960-05-01,NA,NA,NA,NA,1.13,23,NA,21.3,2.05,1.9,1.9
1960,1960-06-01,NA,NA,NA,NA,1.13,22.5,NA,20.9,2.03,1.77,1.77
1960,1960-07-01,NA,NA,NA,NA,1.12,22.5,NA,20.6,2.03,1.63,1.63
1960,1960-08-01,NA,NA,NA,NA,1.11,23,NA,21.3,2.06,1.63,1.63
1960,1960-09-01,NA,NA,NA,NA,1.08,23.5,NA,21.5,1.99,1.66,1.66
1960,1960-10-01,NA,NA,NA,NA,0.98,23.2,NA,21.6,1.95,1.8,1.8
1960,1960-11-01,NA,NA,NA,NA,0.89,24.5,NA,22.3,1.99,1.8,1.8
1960,1960-12-01,NA,NA,NA,NA,0.95,24.5,NA,22.7,2.06,1.86,1.86
1961,1961-01-01,NA,NA,NA,NA,1.02,24.5,NA,22.7,2.3,1.92,1.92
1961,1961-02-01,NA,NA,NA,NA,1.07,24,NA,22.5,2.53,1.92,1.92
1961,1961-03-01,NA,NA,NA,NA,1.08,24.5,NA,22.7,2.77,1.91,1.91
1961,1961-04-01,NA,NA,NA,NA,1.01,24,NA,22,3.07,1.77,1.77
1961,1961-05-01,NA,NA,NA,NA,1.07,23,NA,21.5,2.99,1.7,1.7
1961,1961-06-01,NA,NA,NA,NA,1.05,22.5,NA,21.2,2.62,1.71,1.71
1961,1961-07-01,NA,NA,NA,NA,1.07,22.5,NA,21,2.43,1.75,1.75
1961,1961-08-01,NA,NA,NA,NA,1.06,24,NA,22.5,2.46,1.71,1.71
1961,1961-09-01,NA,NA,NA,NA,1.04,23,NA,21.5,2.2,1.77,1.77
1961,1961-10-01,NA,NA,NA,NA,1.01,23.5,NA,22,2.14,1.81,1.81
1961,1961-11-01,NA,NA,NA,NA,1,23.5,NA,21.8,2.22,1.85,1.85
1961,1961-12-01,NA,NA,NA,NA,1.03,24.5,NA,23,2.31,1.93,1.93
1962,1962-01-01,NA,NA,NA,NA,1.02,24,NA,22.5,2.32,1.88,1.88
1962,1962-02-01,NA,NA,NA,NA,1.02,23,NA,21.5,2.31,1.84,1.84
1962,1962-03-01,NA,NA,NA,NA,1.03,23.5,NA,21.5,2.33,1.88,1.88
1962,1962-04-01,NA,NA,NA,NA,1.06,24,NA,22,2.39,1.9,1.9
1962,1962-05-01,NA,NA,NA,NA,1.09,22,NA,20.5,2.37,2.01,2.01
1962,1962-06-01,NA,NA,NA,NA,1.08,21.5,NA,20,2.36,1.96,1.96
1962,1962-07-01,NA,NA,NA,NA,1.09,23.5,NA,22.2,2.39,1.98,1.98
1962,1962-08-01,NA,NA,NA,NA,1.08,24.5,NA,23.2,2.33,1.94,1.94
1962,1962-09-01,NA,NA,NA,NA,1.05,27.5,NA,26,2.23,1.99,1.99
1962,1962-10-01,NA,NA,NA,NA,1.03,27.5,NA,25.7,2.24,1.92,1.92
1962,1962-11-01,NA,NA,NA,NA,1,29.5,NA,27.5,2.25,1.98,1.98
1962,1962-12-01,NA,NA,NA,NA,1.05,30.5,NA,28.5,2.36,2.02,2.02
1963,1963-01-01,NA,NA,NA,NA,1.08,29.5,NA,27.5,2.46,1.97,1.97
1963,1963-02-01,NA,NA,NA,NA,1.12,31,NA,29,2.55,1.95,1.95
1963,1963-03-01,NA,NA,NA,NA,1.13,31,NA,29,2.59,1.95,1.95
1963,1963-04-01,NA,NA,NA,NA,1.13,31,NA,29,2.51,1.96,1.96
1963,1963-05-01,NA,NA,NA,NA,1.15,28,NA,26.5,2.55,1.93,1.93
1963,1963-06-01,NA,NA,NA,NA,1.19,25.5,NA,23.5,2.56,1.82,1.82
1963,1963-07-01,NA,NA,NA,NA,1.21,25,NA,23.5,2.5,1.64,1.64
1963,1963-08-01,NA,NA,NA,NA,1.23,26,NA,25,2.54,1.61,1.61
1963,1963-09-01,NA,NA,NA,NA,1.28,27.5,NA,26.5,2.47,1.74,1.74
1963,1963-10-01,NA,NA,NA,NA,1.12,29,NA,27.5,2.6,1.94,1.94
1963,1963-11-01,NA,NA,NA,NA,1.05,32.5,NA,30,2.7,2,2
1963,1963-12-01,NA,NA,NA,NA,1.11,34.5,NA,32,2.65,2.05,2.05
1964,1964-01-01,NA,NA,NA,NA,1.16,34.5,NA,32.5,2.68,2.1,2.1
1964,1964-02-01,NA,NA,NA,NA,1.13,32.5,NA,31,2.6,2.09,2.09
1964,1964-03-01,NA,NA,NA,NA,1.16,30,NA,28.5,2.58,1.91,1.91
1964,1964-04-01,NA,NA,NA,NA,1.17,29.5,NA,28,2.47,2,2
1964,1964-05-01,NA,NA,NA,NA,1.19,27.5,NA,26,2.39,1.95,1.95
1964,1964-06-01,NA,NA,NA,NA,1.19,24,NA,22.5,2.37,1.33,1.33
1964,1964-07-01,NA,NA,NA,NA,1.17,24.5,NA,23,2.35,1.3,1.3
1964,1964-08-01,NA,NA,NA,NA,1.16,26,NA,24.5,2.4,1.29,1.29
1964,1964-09-01,NA,NA,NA,NA,1.22,26,NA,25,2.53,1.33,1.33
1964,1964-10-01,NA,NA,NA,NA,1.13,26.5,NA,25,2.59,1.34,1.34
1964,1964-11-01,NA,NA,NA,NA,1.07,27,NA,25.5,2.62,1.35,1.35
1964,1964-12-01,NA,NA,NA,NA,1.16,28.5,NA,27,2.78,1.37,1.37
1965,1965-01-01,NA,NA,NA,NA,1.19,27.5,NA,26.5,2.79,1.38,1.38
1965,1965-02-01,NA,NA,NA,NA,1.21,28,NA,26.5,2.86,1.39,1.39
1965,1965-03-01,NA,NA,NA,NA,1.23,28,NA,26.5,2.92,1.4,1.4
1965,1965-04-01,NA,NA,NA,NA,1.25,28,NA,26.5,2.93,1.38,1.38
1965,1965-05-01,NA,NA,NA,NA,1.29,27.5,NA,26,2.79,1.36,1.36
1965,1965-06-01,NA,NA,NA,NA,1.27,25,NA,23.5,2.83,1.31,1.31
1965,1965-07-01,NA,NA,NA,NA,1.25,26,NA,24.5,2.78,1.32,1.32
1965,1965-08-01,NA,NA,NA,NA,1.23,27,NA,25.5,2.5,1.41,1.41
1965,1965-09-01,NA,NA,NA,NA,1.23,29.5,NA,28.5,2.4,1.44,1.44
1965,1965-10-01,NA,NA,NA,NA,1.11,29.5,NA,28.5,2.3,1.46,1.46
1965,1965-11-01,NA,NA,NA,NA,1.07,29,NA,28,2.36,1.53,1.53
1965,1965-12-01,NA,NA,NA,NA,1.13,30.5,NA,29,2.56,1.61,1.61
1966,1966-01-01,NA,NA,NA,NA,1.21,29.5,NA,28.4,2.75,1.61,1.61
1966,1966-02-01,NA,NA,NA,NA,1.22,28.5,NA,27.6,2.82,1.59,1.59
1966,1966-03-01,NA,NA,NA,NA,1.19,27.5,NA,26.4,2.74,1.51,1.51
1966,1966-04-01,NA,NA,NA,NA,1.21,27,NA,25.9,2.82,1.46,1.46
1966,1966-05-01,NA,NA,NA,NA,1.22,26.5,NA,25.4,2.95,1.48,1.48
1966,1966-06-01,NA,NA,NA,NA,1.21,25.5,NA,24.5,3.15,1.58,1.58
1966,1966-07-01,NA,NA,NA,NA,1.28,25.5,NA,24.4,3.48,1.75,1.75
1966,1966-08-01,NA,NA,NA,NA,1.36,25,NA,24.2,3.57,1.75,1.75
1966,1966-09-01,NA,NA,NA,NA,1.37,26,NA,24.6,3,1.75,1.75
1966,1966-10-01,NA,NA,NA,NA,1.29,26,NA,24.8,2.8,1.58,1.58
1966,1966-11-01,NA,NA,NA,NA,1.28,27,NA,25.8,2.76,1.59,1.59
1966,1966-12-01,NA,NA,NA,NA,1.3,28.5,NA,27,2.8,1.65,1.65
1967,1967-01-01,NA,NA,NA,NA,1.27,28,NA,26.8,2.74,1.56,1.56
1967,1967-02-01,NA,NA,NA,NA,1.25,26,NA,25,2.69,1.5,1.5
1967,1967-03-01,NA,NA,NA,NA,1.3,26.5,NA,25.5,2.74,1.64,1.64
1967,1967-04-01,NA,NA,NA,NA,1.28,25.5,NA,24.5,2.73,1.55,1.55
1967,1967-05-01,NA,NA,NA,NA,1.27,25.5,NA,24.5,2.71,1.51,1.51
1967,1967-06-01,NA,NA,NA,NA,1.26,26.5,NA,25,2.75,1.41,1.41
1967,1967-07-01,NA,NA,NA,NA,1.21,26,NA,24.6,2.68,1.31,1.31
1967,1967-08-01,NA,NA,NA,NA,1.12,27,NA,24.9,2.64,1.32,1.32
1967,1967-09-01,NA,NA,NA,NA,1.1,26,NA,24.2,2.56,1.3,1.3
1967,1967-10-01,NA,NA,NA,NA,1.05,28,NA,25.7,2.48,1.31,1.31
1967,1967-11-01,NA,NA,NA,NA,0.96,29,NA,26.6,2.46,1.29,1.29
1967,1967-12-01,NA,NA,NA,NA,1.01,29.5,NA,27.4,2.49,1.33,1.33
1968,1968-01-01,NA,NA,NA,NA,1.04,30,NA,28.3,2.55,1.32,1.32
1968,1968-02-01,NA,NA,NA,NA,1.05,30.5,NA,28.6,2.6,1.33,1.33
1968,1968-03-01,NA,NA,NA,NA,1.06,29.5,NA,27.8,2.61,1.35,1.35
1968,1968-04-01,NA,NA,NA,NA,1.04,29.5,NA,27.4,2.58,1.26,1.26
1968,1968-05-01,NA,NA,NA,NA,1.05,29.5,NA,27.4,2.62,1.25,1.25
1968,1968-06-01,NA,NA,NA,NA,1.03,26,NA,24.6,2.57,1.17,1.17
1968,1968-07-01,NA,NA,NA,NA,1,25.5,NA,23.7,2.51,1.15,1.15
1968,1968-08-01,NA,NA,NA,NA,0.94,25.5,NA,23.7,2.48,1.02,1.02
1968,1968-09-01,NA,NA,NA,NA,0.93,26,NA,24.2,2.36,1.02,1.02
1968,1968-10-01,NA,NA,NA,NA,0.89,26,NA,24.2,2.28,1.06,1.06
1968,1968-11-01,NA,NA,NA,NA,1.01,26,NA,23.9,2.39,1.19,1.19
1968,1968-12-01,NA,NA,NA,NA,1.03,27.5,NA,25.1,2.44,1.19,1.19
1969,1969-01-01,NA,NA,NA,NA,1.08,28.5,NA,25.8,2.47,1.22,1.22
1969,1969-02-01,NA,NA,NA,NA,1.08,28,NA,25,2.46,1.21,1.21
1969,1969-03-01,NA,NA,NA,NA,1.08,29,NA,26,2.47,1.2,1.2
1969,1969-04-01,NA,NA,NA,NA,1.12,27.5,NA,24.5,2.51,1.19,1.19
1969,1969-05-01,NA,NA,NA,NA,1.2,25,NA,22.3,2.55,1.2,1.2
1969,1969-06-01,NA,NA,NA,NA,1.21,25,NA,22.6,2.55,1.17,1.17
1969,1969-07-01,NA,NA,NA,NA,1.22,27,NA,24.3,2.53,1.15,1.15
1969,1969-08-01,NA,NA,NA,NA,1.22,25,NA,22.6,2.56,1.12,1.12
1969,1969-09-01,NA,NA,NA,NA,1.16,27.5,NA,25.1,2.25,1.16,1.16
1969,1969-10-01,NA,NA,NA,NA,1.12,28,NA,25.6,2.25,1.17,1.17
1969,1969-11-01,NA,NA,NA,NA,1.1,28,NA,25.6,2.31,1.26,1.26
1969,1969-12-01,NA,NA,NA,NA,1.1,27,NA,24.6,2.31,1.32,1.32
1970,1970-01-01,NA,NA,NA,NA,1.16,27.5,NA,25.4,2.37,1.35,1.35
1970,1970-02-01,NA,NA,NA,NA,1.18,27.5,NA,25.4,2.41,1.4,1.4
1970,1970-03-01,NA,NA,NA,NA,1.18,28.5,NA,26.1,2.45,1.42,1.42
1970,1970-04-01,NA,NA,NA,NA,1.2,28,NA,25,2.52,1.44,1.44
1970,1970-05-01,NA,NA,NA,NA,1.23,28,NA,25.2,2.57,1.37,1.37
1970,1970-06-01,NA,NA,NA,NA,1.25,28,NA,25,2.66,1.31,1.31
1970,1970-07-01,NA,NA,NA,NA,1.3,27,NA,23.9,2.81,1.34,1.34
1970,1970-08-01,NA,NA,NA,NA,1.34,27,NA,23.9,2.71,1.37,1.37
1970,1970-09-01,NA,NA,NA,NA,1.4,27,NA,23.9,2.68,1.52,1.52
1970,1970-10-01,NA,NA,NA,NA,1.33,27.5,NA,24.4,2.77,1.55,1.55
1970,1970-11-01,NA,NA,NA,NA,1.3,28,NA,24.9,2.89,1.62,1.62
1970,1970-12-01,NA,NA,NA,NA,1.41,27.5,NA,24.4,2.78,1.58,1.58
1971,1971-01-01,NA,NA,NA,NA,1.48,28,NA,24.9,2.89,1.63,1.63
1971,1971-02-01,NA,NA,NA,NA,1.46,28,NA,24.9,2.94,1.63,1.63
1971,1971-03-01,NA,NA,NA,NA,1.46,29.5,NA,25.4,2.94,1.57,1.57
1971,1971-04-01,NA,NA,NA,NA,1.45,28.5,NA,25,2.84,1.54,1.54
1971,1971-05-01,NA,NA,NA,NA,1.42,28.5,NA,25.1,2.9,1.42,1.42
1971,1971-06-01,NA,NA,NA,NA,1.49,28.5,NA,24.7,3.03,1.5,1.5
1971,1971-07-01,NA,NA,NA,NA,1.41,29.5,NA,25.7,3.2,1.36,1.36
1971,1971-08-01,NA,NA,NA,NA,1.22,27.5,NA,23.7,3.13,1.25,1.25
1971,1971-09-01,NA,NA,NA,NA,1.06,27.5,NA,24,2.98,1.24,1.24
1971,1971-10-01,NA,NA,NA,NA,0.96,27,NA,24,3.02,1.31,1.31
1971,1971-11-01,NA,NA,NA,NA,0.91,28,NA,25,2.78,1.38,1.38
1971,1971-12-01,NA,NA,NA,NA,1.07,29.5,NA,26,2.97,1.45,1.45
1972,1972-01-01,NA,NA,NA,NA,1.07,30.5,23.5,26,2.92,1.47,1.47
1972,1972-02-01,NA,NA,NA,NA,1.08,33,25.5,28,3.03,1.39,1.39
1972,1972-03-01,NA,NA,NA,NA,1.1,31.5,24,26.5,3.24,1.41,1.41
1972,1972-04-01,NA,NA,NA,NA,1.13,30.5,25,26.5,3.38,1.48,1.48
1972,1972-05-01,NA,NA,NA,NA,1.14,30.5,25,26.5,3.38,1.48,1.48
1972,1972-06-01,NA,NA,NA,NA,1.13,28.5,23.5,25,3.35,1.32,1.32
1972,1972-07-01,NA,NA,NA,NA,1.14,31,25,27,3.34,1.29,1.29
1972,1972-08-01,NA,NA,NA,NA,1.16,28,22,24,3.39,1.48,1.48
1972,1972-09-01,NA,NA,NA,NA,1.23,29,24,26,3.3,1.73,1.73
1972,1972-10-01,NA,NA,NA,NA,1.2,30,25.5,27,3.13,1.94,1.94
1972,1972-11-01,NA,NA,NA,NA,1.23,31,25.5,27,3.4,2.09,2.09
1972,1972-12-01,NA,NA,NA,NA,1.48,35,29,31,3.85,2.52,2.52
1973,1973-01-01,NA,NA,NA,NA,1.4,35,31,33.5,3.9,2.59,2.59
1973,1973-02-01,NA,NA,NA,NA,1.35,37.5,33,36,5.35,2.22,2.22
1973,1973-03-01,NA,NA,NA,NA,1.39,37,33,35.5,5.85,2.2,2.2
1973,1973-04-01,NA,NA,NA,NA,1.44,37,29.5,34.5,6.19,2.29,2.29
1973,1973-05-01,NA,NA,NA,NA,1.66,39,31,36.5,8.25,2.32,2.32
1973,1973-06-01,NA,NA,NA,NA,2.1,37.5,28.5,34.5,9.9,2.58,2.58
1973,1973-07-01,NA,NA,NA,NA,2.2,33,27,31,6.45,2.74,2.74
1973,1973-08-01,NA,NA,NA,NA,2.8,35,28,33,9.4,4.63,4.63
1973,1973-09-01,NA,NA,NA,NA,2.12,35,28.5,33,5.6,5.03,5.03
1973,1973-10-01,NA,NA,NA,NA,2.11,37,29.5,34.5,5.58,4.53,4.53
1973,1973-11-01,NA,NA,NA,NA,2.23,40,31.5,37.5,5.18,4.94,4.94
1973,1973-12-01,NA,NA,NA,NA,2.48,43,35,40.5,5.66,5.56,5.56
1974,1974-01-01,NA,NA,NA,NA,2.68,42,34,39.5,5.91,6.04,6.04
1974,1974-02-01,NA,NA,NA,NA,2.89,45,35.5,42,6.12,6.37,6.37
1974,1974-03-01,NA,NA,NA,NA,2.77,45,35.5,42,6.07,5.34,5.34
1974,1974-04-01,NA,NA,NA,NA,2.45,42.5,35.5,40.5,5.23,4.34,4.34
1974,1974-05-01,NA,NA,NA,NA,2.54,37.5,32.5,36,5.26,3.21,3.21
1974,1974-06-01,NA,NA,NA,NA,2.67,36.5,32,35,5.17,3.38,3.38
1974,1974-07-01,NA,NA,NA,NA,2.99,33.5,28.5,32,6.08,4.01,4.01
1974,1974-08-01,NA,NA,NA,NA,3.53,40,32,37.5,7.53,4.07,4.07
1974,1974-09-01,NA,NA,NA,NA,3.35,44,34,41,7.46,4.08,4.08
1974,1974-10-01,NA,NA,NA,NA,3.49,48.5,37,44.5,8.22,4.71,4.71
1974,1974-11-01,NA,NA,NA,NA,3.33,51.5,37.5,47,7.35,4.5,4.5
1974,1974-12-01,NA,NA,NA,NA,3.32,52,38.5,47.5,7.11,4.4,4.4
1975,1975-01-01,NA,NA,NA,NA,3.14,59,45,54.5,6.27,3.95,3.95
1975,1975-02-01,NA,NA,NA,NA,2.87,57,45,53,5.66,3.79,3.79
1975,1975-03-01,NA,NA,NA,NA,2.68,58.5,47.5,55,5.26,3.36,3.36
1975,1975-04-01,NA,NA,NA,NA,2.66,59.5,47,55.5,5.59,3.34,3.34
1975,1975-05-01,NA,NA,NA,NA,2.59,60,48,56,5.05,2.88,2.88
1975,1975-06-01,NA,NA,NA,NA,2.64,55,43.5,51.5,4.95,2.71,2.71
1975,1975-07-01,NA,NA,NA,NA,2.7,48,42,46,5.39,3.18,3.18
1975,1975-08-01,NA,NA,NA,NA,2.91,53.5,42.5,50,5.83,3.44,3.44
1975,1975-09-01,NA,NA,NA,NA,2.76,55,44,51.5,5.35,3.63,3.63
1975,1975-10-01,NA,NA,NA,NA,2.57,53,43.5,50,4.85,3.54,3.54
1975,1975-11-01,NA,NA,NA,NA,2.21,57.5,47.5,54.5,4.37,3.11,3.11
1975,1975-12-01,NA,NA,NA,NA,2.34,60.5,49,57,4.25,3.07,3.07
1976,1976-01-01,NA,NA,NA,NA,2.44,60.5,49,57,4.48,3.27,3.27
1976,1976-02-01,NA,NA,NA,NA,2.48,61.5,48.5,57.5,4.51,3.55,3.55
1976,1976-03-01,NA,NA,NA,NA,2.47,56.5,47,53.5,4.46,3.42,3.42
1976,1976-04-01,NA,NA,NA,NA,2.46,50.5,41,47.5,4.53,3.19,3.19
1976,1976-05-01,NA,NA,NA,NA,2.63,53.5,45,51,4.9,3.12,3.12
1976,1976-06-01,NA,NA,NA,NA,2.81,53,43.5,50,6.24,3.22,3.22
1976,1976-07-01,NA,NA,NA,NA,2.87,56,43.5,52,6.77,3.15,3.15
1976,1976-08-01,NA,NA,NA,NA,2.66,54,44.5,51,6.01,2.79,2.79
1976,1976-09-01,NA,NA,NA,NA,2.65,54,46,51.5,6.7,2.79,2.79
1976,1976-10-01,NA,NA,NA,NA,2.3,56,46,53,5.89,2.54,2.54
1976,1976-11-01,NA,NA,NA,NA,1.94,57,49.5,54.5,6.11,2.31,2.31
1976,1976-12-01,NA,NA,NA,NA,2.19,58,49.5,55.5,6.64,2.43,2.43
1977,1977-01-01,NA,NA,NA,NA,2.33,62,52,59,6.93,2.6,2.6
1977,1977-02-01,NA,NA,NA,NA,2.36,65,55,62,7.21,2.6,2.6
1977,1977-03-01,NA,NA,NA,NA,2.32,65,55,62,8.03,2.47,2.47
1977,1977-04-01,NA,NA,NA,NA,2.34,65.5,50.5,60.5,9.3,2.38,2.38
1977,1977-05-01,NA,NA,NA,NA,2.24,58,46.5,54.5,9.15,2.24,2.24
1977,1977-06-01,NA,NA,NA,NA,2.1,49.5,44,47.5,8.16,2.08,2.08
1977,1977-07-01,NA,NA,NA,NA,1.88,49.5,44.5,48,6.4,2.03,2.03
1977,1977-08-01,NA,NA,NA,NA,1.6,49,44.5,47.5,5.33,1.92,1.92
1977,1977-09-01,NA,NA,NA,NA,1.56,53,49,51.5,4.82,1.94,1.94
1977,1977-10-01,NA,NA,NA,NA,1.63,60,53,58,5.14,2.07,2.07
1977,1977-11-01,NA,NA,NA,NA,1.9,60,53,58,5.51,2.39,2.39
1977,1977-12-01,NA,NA,NA,NA,2.03,65,55,62,5.69,2.34,2.34
1978,1978-01-01,NA,NA,NA,NA,2,65,55,62,5.64,2.51,2.51
1978,1978-02-01,NA,NA,NA,NA,2.05,68,58,65,5.54,2.5,2.5
1978,1978-03-01,NA,NA,NA,NA,2.17,65,55,62,6.34,2.56,2.56
1978,1978-04-01,NA,NA,NA,NA,2.3,60,54,58,6.71,2.92,2.92
1978,1978-05-01,NA,NA,NA,NA,2.36,60,55,58.5,6.87,2.93,2.93
1978,1978-06-01,NA,NA,NA,NA,2.39,51.5,45,49.5,6.79,3,3
1978,1978-07-01,NA,NA,NA,NA,2.24,53,47,51,6.66,2.97,2.97
1978,1978-08-01,NA,NA,NA,NA,2.06,49,45.5,48,6.37,3.05,3.05
1978,1978-09-01,NA,NA,NA,NA,2.02,52.5,49,51.5,6.32,3.16,3.16
1978,1978-10-01,NA,NA,NA,NA,2.02,53,50,52,6.32,3.33,3.33
1978,1978-11-01,NA,NA,NA,NA,2.08,53,50.5,52,6.49,3.5,3.5
1978,1978-12-01,NA,NA,NA,NA,2.14,54,52.5,53.5,6.65,3.6,3.6
1979,1979-01-01,NA,NA,NA,NA,2.19,54.5,50.5,53,6.66,3.55,3.55
1979,1979-02-01,NA,NA,NA,NA,2.24,60,49,56.5,7.1,3.6,3.6
1979,1979-03-01,NA,NA,NA,NA,2.27,61.5,49,57.5,7.27,3.54,3.54
1979,1979-04-01,NA,NA,NA,NA,2.36,62.5,50,58.5,7.19,3.51,3.51
1979,1979-05-01,NA,NA,NA,NA,2.48,55,43,51,7.25,3.8,3.8
1979,1979-06-01,NA,NA,NA,NA,2.56,55,43,51,7.76,4.05,4.05
1979,1979-07-01,NA,NA,NA,NA,2.86,54,43,50,7.76,4.13,4.13
1979,1979-08-01,NA,NA,NA,NA,2.78,54,43,50,7.26,4.06,4.06
1979,1979-09-01,NA,NA,NA,NA,2.7,51,40.5,47.5,7.07,4.1,4.1
1979,1979-10-01,NA,NA,NA,NA,2.49,54,43.5,50.5,6.44,4.17,4.17
1979,1979-11-01,NA,NA,NA,NA,2.33,59.5,50,57.5,6.27,3.99,3.99
1979,1979-12-01,NA,NA,NA,NA,2.56,56.5,46.5,54,6.31,4.13,4.13
1980,1980-01-01,NA,NA,NA,NA,2.49,59,42,48,6.39,4.09,4.09
1980,1980-02-01,NA,NA,NA,NA,2.48,60.5,41,49.5,6.3,4.16,4.16
1980,1980-03-01,NA,NA,NA,NA,2.42,51,38.5,47,6,3.79,3.79
1980,1980-04-01,NA,NA,NA,NA,2.42,48,40,45,5.7,3.75,3.75
1980,1980-05-01,NA,NA,NA,NA,2.48,50,40,46.5,5.84,3.68,3.68
1980,1980-06-01,NA,NA,NA,NA,2.57,54,38,49.5,5.99,3.69,3.69
1980,1980-07-01,NA,NA,NA,NA,2.87,53,36,44.5,6.97,3.94,3.94
1980,1980-08-01,NA,NA,NA,NA,3.12,50,38,48,7.28,4.09,4.09
1980,1980-09-01,NA,NA,NA,NA,3.14,56.5,48,54.5,7.74,4.25,4.25
1980,1980-10-01,NA,NA,NA,NA,3.02,62,50,57.5,7.79,4.47,4.47
1980,1980-11-01,NA,NA,NA,NA,3.14,65,55,62.5,8.24,4.68,4.68
1980,1980-12-01,NA,NA,NA,NA,3.22,66,59,64,7.92,4.54,4.54
1981,1981-01-01,NA,NA,NA,NA,3.23,64,51,61,7.8,4.68,4.68
1981,1981-02-01,NA,NA,NA,NA,3.28,70,54,63,7.54,4.31,4.31
1981,1981-03-01,NA,NA,NA,NA,3.34,75,57,66,7.59,4.11,4.11
1981,1981-04-01,NA,NA,NA,NA,3.36,72,52,66,7.58,4.02,4.02
1981,1981-05-01,NA,NA,NA,NA,3.32,85,65,80,7.45,3.64,3.64
1981,1981-06-01,NA,NA,NA,NA,3.24,70,53,63,7.13,3.4,3.4
1981,1981-07-01,NA,NA,NA,NA,3.23,71,45,55,7.21,3.54,3.54
1981,1981-08-01,NA,NA,NA,NA,2.88,105,62,88,6.85,3.52,3.52
1981,1981-09-01,NA,NA,NA,NA,2.6,76,50,66,6.36,3.67,3.67
1981,1981-10-01,NA,NA,NA,NA,2.61,86,58,79,6.22,3.76,3.76
1981,1981-11-01,NA,NA,NA,NA,2.37,115,83,105,6.15,3.87,3.87
1981,1981-12-01,NA,NA,NA,NA,2.36,115,83,109,6.08,3.74,3.74
1982,1982-01-01,NA,NA,NA,NA,2.55,109,76,93,6.24,3.73,3.73
1982,1982-02-01,NA,NA,NA,NA,2.45,115,80,99,6.11,3.38,3.38
1982,1982-03-01,NA,NA,NA,NA,2.48,109,80,93,6.07,3.35,3.35
1982,1982-04-01,NA,NA,NA,NA,2.57,130,100,117,6.34,3.39,3.39
1982,1982-05-01,NA,NA,NA,NA,2.68,110,85,99,6.4,3.28,3.28
1982,1982-06-01,NA,NA,NA,NA,2.55,88,53,71,6.24,3.18,3.18
1982,1982-07-01,NA,NA,NA,NA,2.48,90,44,67,6.12,3.2,3.2
1982,1982-08-01,NA,NA,NA,NA,2.39,85,44,65,5.64,3.05,3.05
1982,1982-09-01,NA,NA,NA,NA,2.08,91,68,86,5.17,2.93,2.93
1982,1982-10-01,NA,NA,NA,NA,1.87,120,87,110,4.99,2.73,2.73
1982,1982-11-01,NA,NA,NA,NA,2.07,115,82,105,5.32,3.08,3.08
1982,1982-12-01,NA,NA,NA,NA,2.25,106,75,92,5.48,3.1,3.1
1983,1983-01-01,NA,NA,NA,NA,2.42,109,79,96,5.57,3.16,3.16
1983,1983-02-01,NA,NA,NA,NA,2.56,120,75,107,5.7,3.14,3.14
1983,1983-03-01,NA,NA,NA,NA,2.74,105,82,100,5.86,3.29,3.29
1983,1983-04-01,NA,NA,NA,NA,3.05,98,54,87,6.14,3.25,3.25
1983,1983-05-01,NA,NA,NA,NA,3.13,108,78,98,6.15,3.3,3.3
1983,1983-06-01,NA,NA,NA,NA,3.14,80,62,74,5.96,3.21,3.21
1983,1983-07-01,NA,NA,NA,NA,3.1,80,60,75,6.35,3.28,3.28
1983,1983-08-01,NA,NA,NA,NA,3.58,88,54,73,7.98,3.52,3.52
1983,1983-09-01,NA,NA,NA,NA,3.52,102,67,86,8.3,3.46,3.46
1983,1983-10-01,NA,NA,NA,NA,3.23,113,59,100,7.9,3.38,3.38
1983,1983-11-01,NA,NA,NA,NA,3.29,113,59,97,8.01,3.36,3.36
1983,1983-12-01,NA,NA,NA,NA,3.26,117,79,102,7.83,3.46,3.46
1984,1984-01-01,NA,NA,NA,NA,3.24,111,78,96,7.8,3.5,3.5
1984,1984-02-01,NA,NA,NA,NA,3.25,111,73,96,7.33,3.22,3.22
1984,1984-03-01,NA,NA,NA,NA,3.29,111,87,100,7.68,3.4,3.4
1984,1984-04-01,NA,NA,NA,NA,3.47,100,86,94,7.94,3.57,3.57
1984,1984-05-01,NA,NA,NA,NA,3.5,106,88,99,8.31,3.49,3.49
1984,1984-06-01,NA,NA,NA,NA,3.55,78,64,74,7.99,3.39,3.39
1984,1984-07-01,NA,NA,NA,NA,3.37,74,54,69,6.93,3.3,3.3
1984,1984-08-01,NA,NA,NA,NA,3.25,90,78,86,6.58,3.27,3.27
1984,1984-09-01,NA,NA,NA,NA,3.06,90,64,74,6.15,3.3,3.3
1984,1984-10-01,NA,NA,NA,NA,2.64,90,47,75,6.1,3.3,3.3
1984,1984-11-01,NA,NA,NA,NA,2.54,93,55,82,6.03,3.38,3.38
1984,1984-12-01,NA,NA,NA,NA,2.53,85,68,77,5.81,3.35,3.35
1985,1985-01-01,NA,NA,NA,NA,2.61,79,58,69,5.9,3.4,3.4
1985,1985-02-01,NA,NA,NA,NA,2.67,80,65,76,5.81,3.39,3.39
1985,1985-03-01,NA,NA,NA,NA,2.7,77,62,70,5.89,3.46,3.46
1985,1985-04-01,NA,NA,NA,NA,2.73,77,62,73,5.94,3.39,3.39
1985,1985-05-01,NA,NA,NA,NA,2.66,70,55,66,5.7,3.25,3.25
1985,1985-06-01,NA,NA,NA,NA,2.67,63,40,52,5.69,3.11,3.11
1985,1985-07-01,NA,NA,NA,NA,2.64,63,40,52,5.47,2.97,2.97
1985,1985-08-01,NA,NA,NA,NA,2.45,60,40,50,5.15,2.78,2.78
1985,1985-09-01,NA,NA,NA,NA,2.18,60,45,53,4.99,2.63,2.63
1985,1985-10-01,NA,NA,NA,NA,2.06,65,45,55,4.87,2.74,2.74
1985,1985-11-01,NA,NA,NA,NA,2.26,70,45,58,4.95,3.06,3.06
1985,1985-12-01,NA,NA,NA,NA,2.37,70,50,62,5.11,3.25,3.25
1986,1986-01-01,NA,NA,NA,NA,2.37,68,45,62,5.27,3.19,3.19
1986,1986-02-01,NA,NA,NA,NA,2.36,65,43,60,5.29,3.26,3.26
1986,1986-03-01,NA,NA,NA,NA,2.29,63,40,55,5.27,3.4,3.4
1986,1986-04-01,NA,NA,NA,NA,2.29,60,40,55,5.27,3.45,3.45
1986,1986-05-01,NA,NA,NA,NA,2.41,55,40,51,5.33,3.41,3.41
1986,1986-06-01,NA,NA,NA,NA,2.4,50,36,47,5.3,2.46,2.46
1986,1986-07-01,NA,NA,NA,NA,2.09,50,36,47,5.3,2.34,2.34
1986,1986-08-01,NA,NA,NA,NA,1.68,55,40,51,5.09,2.2,2.2
1986,1986-09-01,NA,NA,NA,NA,1.47,60,45,56,4.84,2.24,2.24
1986,1986-10-01,NA,NA,NA,NA,1.38,65,50,61,4.63,2.49,2.49
1986,1986-11-01,NA,NA,NA,NA,1.48,70,55,68,4.78,2.61,2.61
1986,1986-12-01,NA,NA,NA,NA,1.52,75,60,73,4.78,2.67,2.67
1987,1987-01-01,NA,NA,NA,NA,1.45,80,65,78,4.84,2.68,2.68
1987,1987-02-01,NA,NA,NA,NA,1.44,80,65,78,4.76,2.72,2.72
1987,1987-03-01,NA,NA,NA,NA,1.46,82,65,79,4.81,2.88,2.88
1987,1987-04-01,NA,NA,NA,NA,1.57,85,65,82,4.98,2.79,2.79
1987,1987-05-01,NA,NA,NA,NA,1.74,90,67,84,5.31,2.85,2.85
1987,1987-06-01,NA,NA,NA,NA,1.79,80,60,70,5.59,2.48,2.48
1987,1987-07-01,NA,NA,NA,NA,1.64,75,55,65,5.43,2.39,2.39
1987,1987-08-01,NA,NA,NA,NA,1.55,75,55,65,5.15,2.43,2.43
1987,1987-09-01,NA,NA,NA,NA,1.56,80,60,72,5.09,2.58,2.58
1987,1987-10-01,NA,NA,NA,NA,1.6,85,65,81,5.14,2.6,2.6
1987,1987-11-01,NA,NA,NA,NA,1.74,90,70,86,5.52,2.76,2.76
1987,1987-12-01,NA,NA,NA,NA,1.73,90,70,86,5.76,2.92,2.92
1988,1988-01-01,NA,NA,NA,NA,1.86,90,70,86,5.93,3.08,3.08
1988,1988-02-01,NA,NA,NA,NA,1.92,90,70,87,6.14,3.12,3.12
1988,1988-03-01,NA,NA,NA,NA,1.95,95,75,92,6.3,2.8,2.8
1988,1988-04-01,NA,NA,NA,NA,1.96,95,75,92,6.65,2.98,2.98
1988,1988-05-01,NA,NA,NA,NA,2.03,95,75,92,7.26,2.98,2.98
1988,1988-06-01,NA,NA,NA,NA,2.72,100,75,91,8.5,3.43,3.43
1988,1988-07-01,NA,NA,NA,NA,3,175,110,149,8.81,3.52,3.52
1988,1988-08-01,NA,NA,NA,NA,2.86,120,90,111,8.38,3.64,3.64
1988,1988-09-01,NA,NA,NA,NA,2.82,100,75,93,8.21,3.83,3.83
1988,1988-10-01,NA,NA,NA,NA,2.62,110,70,100,7.46,3.92,3.92
1988,1988-11-01,NA,NA,NA,NA,2.53,130,80,125,7.43,3.99,3.99
1988,1988-12-01,NA,NA,NA,NA,2.58,130,80,125,7.4,4.07,4.07
1989,1989-01-01,NA,NA,NA,NA,2.64,130,75,125,7.79,4.18,4.18
1989,1989-02-01,NA,NA,NA,NA,2.64,125,70,120,7.47,4.16,4.16
1989,1989-03-01,NA,NA,NA,NA,2.65,130,75,125,7.39,4.11,4.11
1989,1989-04-01,NA,NA,NA,NA,2.64,130,75,125,7.42,3.94,3.94
1989,1989-05-01,NA,NA,NA,NA,2.65,140,80,134,7.3,3.93,3.93
1989,1989-06-01,NA,NA,NA,NA,2.63,135,75,126,7.21,3.8,3.8
1989,1989-07-01,NA,NA,NA,NA,2.56,125,70,111,7.01,3.72,3.72
1989,1989-08-01,NA,NA,NA,NA,2.5,115,70,102,6.18,3.7,3.74
1989,1989-09-01,NA,NA,NA,NA,2.44,115,70,104,5.98,3.75,3.75
1989,1989-10-01,NA,NA,NA,NA,2.34,120,75,109,5.55,3.85,3.85
1989,1989-11-01,NA,NA,NA,NA,2.34,125,80,116,5.72,3.9,3.9
1989,1989-12-01,NA,NA,NA,NA,2.39,130,85,121,5.75,3.95,3.95
1990,1990-01-01,NA,NA,NA,NA,2.4,135,85,125,5.69,3.88,3.88
1990,1990-02-01,NA,NA,NA,NA,2.4,140,85,129,5.61,3.74,3.74
1990,1990-03-01,NA,NA,NA,NA,2.49,140,85,129,5.75,3.71,3.71
1990,1990-04-01,NA,NA,NA,NA,2.68,145,85,133,5.92,3.63,3.63
1990,1990-05-01,NA,NA,NA,NA,2.79,145,85,136,6.07,3.48,3.48
1990,1990-06-01,NA,NA,NA,NA,2.91,125,75,113,5.99,3.16,3.16
1990,1990-07-01,NA,NA,NA,NA,2.8,115,65,100,6.14,2.86,2.86
1990,1990-08-01,NA,NA,NA,NA,2.64,105,65,91,6.15,2.63,2.63
1990,1990-09-01,NA,NA,NA,NA,2.41,105,60,92,6.07,2.46,2.46
1990,1990-10-01,NA,NA,NA,NA,2.24,110,70,100,5.89,2.44,2.44
1990,1990-11-01,NA,NA,NA,NA,2.15,115,65,103,5.67,2.28,2.28
1990,1990-12-01,NA,NA,NA,NA,2.28,115,65,105,5.78,2.34,2.34
1991,1991-01-01,NA,NA,NA,NA,2.35,110,60,100,5.79,2.37,2.37
1991,1991-02-01,NA,NA,NA,NA,2.37,105,55,93,5.66,2.38,2.38
1991,1991-03-01,NA,NA,NA,NA,2.44,105,55,93,5.85,2.59,2.59
1991,1991-04-01,NA,NA,NA,NA,2.51,105,55,95,5.86,2.65,2.65
1991,1991-05-01,NA,NA,NA,NA,2.46,100,50,90,5.76,2.63,2.63
1991,1991-06-01,NA,NA,NA,NA,2.35,100,50,88,5.7,2.62,2.62
1991,1991-07-01,NA,NA,NA,NA,2.4,110,65,97,5.46,2.66,2.66
1991,1991-08-01,NA,NA,NA,NA,2.47,130,75,114,5.76,2.9,2.9
1991,1991-09-01,NA,NA,NA,NA,2.41,130,75,114,5.73,3.08,3.08
1991,1991-10-01,NA,NA,NA,NA,2.35,130,80,118,5.58,3.37,3.37
1991,1991-11-01,NA,NA,NA,NA,2.38,130,85,119,5.5,3.6,3.6
1991,1991-12-01,NA,NA,NA,NA,2.47,135,85,125,5.54,3.87,3.87
1992,1992-01-01,NA,NA,NA,NA,2.54,140,85,129,5.69,3.83,3.83
1992,1992-02-01,NA,NA,NA,NA,2.61,140,85,129,5.7,4.11,4.11
1992,1992-03-01,NA,NA,NA,NA,2.68,140,85,129,5.81,3.81,3.81
1992,1992-04-01,NA,NA,NA,NA,2.61,145,90,134,5.76,3.56,3.56
1992,1992-05-01,NA,NA,NA,NA,2.65,150,90,138,5.97,3.56,3.56
1992,1992-06-01,NA,NA,NA,NA,2.63,130,75,105,6.04,3.49,3.49
1992,1992-07-01,NA,NA,NA,NA,2.42,115,60,96,5.68,3.14,3.14
1992,1992-08-01,NA,NA,NA,NA,2.22,110,60,95,5.52,2.85,2.85
1992,1992-09-01,NA,NA,NA,NA,2.21,110,60,95,5.41,3.98,2.98
1992,1992-10-01,NA,NA,NA,NA,1.96,115,65,100,5.35,3.07,3.07
1992,1992-11-01,NA,NA,NA,NA,1.97,120,70,108,5.36,3.18,3.18
1992,1992-12-01,NA,NA,NA,NA,1.97,125,70,114,5.52,3.18,3.18
1993,1993-01-01,NA,NA,NA,NA,2.05,120,65,109,5.66,3.36,3.36
1993,1993-02-01,NA,NA,NA,NA,2,115,60,104,5.62,3.33,3.33
1993,1993-03-01,NA,NA,NA,NA,2.1,115,55,103,5.76,3.19,3.19
1993,1993-04-01,NA,NA,NA,NA,2.18,115,50,102,5.85,3.17,3.17
1993,1993-05-01,NA,NA,NA,NA,2.17,110,50,98,5.91,2.94,2.94
1993,1993-06-01,NA,NA,NA,NA,2.12,100,50,81,6,2.74,2.74
1993,1993-07-01,NA,NA,NA,NA,2.32,95,45,80,6.84,2.77,2.77
1993,1993-08-01,NA,NA,NA,NA,2.35,105,50,88,6.79,2.91,2.91
1993,1993-09-01,NA,NA,NA,NA,2.31,115,55,98,6.3,2.89,2.89
1993,1993-10-01,NA,NA,NA,NA,2.28,115,55,84,6.01,2.99,2.99
1993,1993-11-01,NA,NA,NA,NA,2.52,125,65,98,6.44,3.18,3.18
1993,1993-12-01,NA,NA,NA,NA,2.76,130,65,110,6.77,3.4,3.4
1994,1994-01-01,NA,NA,NA,NA,2.76,125,70,107,6.77,3.45,3.45
1994,1994-02-01,NA,NA,NA,NA,2.85,120,65,103,6.76,3.44,3.44
1994,1994-03-01,NA,NA,NA,NA,2.8,120,65,100,6.82,3.18,3.18
1994,1994-04-01,NA,NA,NA,NA,2.7,120,65,106,6.64,3.1,3.1
1994,1994-05-01,NA,NA,NA,NA,2.7,120,65,98,6.87,3.04,3.04
1994,1994-06-01,NA,NA,NA,NA,2.73,110,60,93,6.8,3.08,3.08
1994,1994-07-01,NA,NA,NA,NA,2.29,110,60,95,6.06,2.92,2.92
1994,1994-08-01,NA,NA,NA,NA,2.16,105,55,95,5.68,3.09,3.09
1994,1994-09-01,NA,NA,NA,NA,2.12,100,50,88,5.48,3.39,3.39
1994,1994-10-01,NA,NA,NA,NA,1.97,105,60,85,5.25,3.56,3.56
1994,1994-11-01,NA,NA,NA,NA,1.96,110,65,88,5.43,3.41,3.41
1994,1994-12-01,NA,NA,NA,NA,2.14,110,65,91,5.53,3.6,3.6
1995,1995-01-01,NA,NA,NA,NA,2.19,100,60,82,5.57,3.58,3.58
1995,1995-02-01,NA,NA,NA,NA,2.26,95,55,79,5.49,3.46,3.46
1995,1995-03-01,NA,NA,NA,NA,2.34,90,50,71,5.62,3.4,3.4
1995,1995-04-01,NA,NA,NA,NA,2.42,95,50,79,5.68,3.38,3.38
1995,1995-05-01,NA,NA,NA,NA,2.49,95,50,73,5.73,3.4,3.4
1995,1995-06-01,NA,NA,NA,NA,2.59,90,50,70,5.85,3.64,3.64
1995,1995-07-01,NA,NA,NA,NA,2.7,85,45,69,6.06,3.84,3.84
1995,1995-08-01,NA,NA,NA,NA,2.75,90,50,73,5.98,4.01,4.01
1995,1995-09-01,NA,NA,NA,NA,2.84,85,50,72,6.07,4.09,4.09
1995,1995-10-01,NA,NA,NA,NA,2.83,90,55,73,6.24,4.31,4.31
1995,1995-11-01,NA,NA,NA,NA,2.94,95,55,75,6.51,4.68,4.68
1995,1995-12-01,NA,NA,NA,NA,3.15,100,60,83,6.97,4.7,4.7
1996,1996-01-01,NA,NA,NA,NA,3.21,105,60,85,6.98,4.68,4.68
1996,1996-02-01,NA,NA,NA,NA,3.49,105,60,87,7.15,4.86,4.86
1996,1996-03-01,NA,NA,NA,NA,3.64,105,55,81,7.13,4.63,4.63
1996,1996-04-01,NA,NA,NA,NA,4.16,115,60,90,7.71,5.34,5.34
1996,1996-05-01,NA,NA,NA,NA,4.71,125,60,90,7.88,5.55,5.55
1996,1996-06-01,NA,NA,NA,NA,4.87,130,60,101,7.6,4.73,4.73
1996,1996-07-01,NA,NA,NA,NA,4.9,130,75,109,7.9,4.05,4.05
1996,1996-08-01,NA,NA,NA,NA,4.85,135,80,117,8.04,4.04,4.04
1996,1996-09-01,NA,NA,NA,NA,3.7,145,90,125,8.05,4.13,4.13
1996,1996-10-01,NA,NA,NA,NA,2.73,150,90,121,7,3.96,3.96
1996,1996-11-01,NA,NA,NA,NA,2.67,180,100,144,6.87,3.67,3.67
1996,1996-12-01,NA,NA,NA,NA,2.62,190,115,159,7,3.69,3.69
1997,1997-01-01,NA,NA,NA,NA,2.73,200,115,159,7.23,3.74,3.74
1997,1997-02-01,NA,NA,NA,NA,2.78,190,120,159,7.52,3.56,3.56
1997,1997-03-01,NA,NA,NA,NA,2.94,185,100,150,8.08,3.7,3.7
1997,1997-04-01,NA,NA,NA,NA,2.94,200,100,163,8.41,3.82,3.82
1997,1997-05-01,NA,NA,NA,NA,2.83,210,110,169,8.64,3.56,3.56
1997,1997-06-01,NA,NA,NA,NA,2.76,190,95,156,8.38,3.23,3.23
1997,1997-07-01,NA,NA,NA,NA,2.65,165,80,135,7.73,3.24,3.24
1997,1997-08-01,NA,NA,NA,NA,2.68,170,95,143,7.45,3.32,3.32
1997,1997-09-01,NA,NA,NA,NA,2.7,165,80,137,6.74,3.39,3.39
1997,1997-10-01,NA,NA,NA,NA,2.59,180,100,146,6.47,3.22,3.22
1997,1997-11-01,NA,NA,NA,NA,2.53,175,95,143,6.85,3.14,3.14
1997,1997-12-01,NA,NA,NA,NA,2.56,170,90,140,6.69,3.08,3.08
1998,1998-01-01,NA,NA,NA,NA,2.59,160,90,130,6.72,3.08,3.08
1998,1998-02-01,NA,NA,NA,NA,2.57,135,80,113,6.66,2.98,2.98
1998,1998-03-01,NA,NA,NA,NA,2.56,145,80,121,6.39,2.96,2.96
1998,1998-04-01,NA,NA,NA,NA,2.4,135,70,114,6.29,2.67,2.67
1998,1998-05-01,NA,NA,NA,NA,2.34,130,75,110,6.34,2.62,2.62
1998,1998-06-01,NA,NA,NA,NA,2.27,125,70,105,6.25,2.5,2.5
1998,1998-07-01,NA,NA,NA,NA,2.2,120,65,101,6.3,2.31,2.31
1998,1998-08-01,NA,NA,NA,NA,1.95,105,60,89,5.6,2.17,2.17
1998,1998-09-01,NA,NA,NA,NA,1.88,110,70,97,5.22,2.12,2.12
1998,1998-10-01,NA,NA,NA,NA,1.9,120,70,97,5.14,2.34,2.34
1998,1998-11-01,NA,NA,NA,NA,1.96,125,75,99,5.4,2.35,2.35
1998,1998-12-01,NA,NA,NA,NA,2.07,115,65,103,5.51,2.3,2.3
1999,1999-01-01,NA,NA,NA,NA,2.12,125,75,109,5.41,2.34,2.34
1999,1999-02-01,NA,NA,NA,NA,2.11,110,55,96,4.87,2.19,2.19
1999,1999-03-01,NA,NA,NA,NA,2.17,110,55,90,4.72,2.27,2.27
1999,1999-04-01,NA,NA,NA,NA,2.11,110,55,90,4.75,2.28,2.28
1999,1999-05-01,NA,NA,NA,NA,2.03,105,60,97,4.6,2.2,2.2
1999,1999-06-01,NA,NA,NA,NA,2.05,105,60,89,4.49,2.09,2.09
1999,1999-07-01,NA,NA,NA,NA,1.92,120,65,91,4.3,1.96,1.96
1999,1999-08-01,NA,NA,NA,NA,1.99,120,75,103,4.6,2.1,2.1
1999,1999-09-01,NA,NA,NA,NA,1.88,120,75,100,4.61,2.15,2.15
1999,1999-10-01,NA,NA,NA,NA,1.72,135,90,110,4.5,2.05,2.05
1999,1999-11-01,NA,NA,NA,NA,1.81,140,95,115,4.66,1.96,1.96
1999,1999-12-01,NA,NA,NA,NA,1.91,130,85,106,4.53,2.04,2.04
2000,2000-01-01,NA,NA,NA,NA,2.01,120,80,104,4.74,2.17,2.17
2000,2000-02-01,NA,NA,NA,NA,2.08,120,80,101,4.92,2.18,2.18
2000,2000-03-01,NA,NA,NA,NA,2.11,125,75,105,5.01,2.03,2.03
2000,2000-04-01,NA,NA,NA,NA,2.14,130,85,116,5.17,2.02,2.02
2000,2000-05-01,NA,NA,NA,NA,2.19,135,80,121,5.26,2.12,2.12
2000,2000-06-01,NA,NA,NA,NA,1.96,125,70,105,5.01,2.18,2.18
2000,2000-07-01,NA,NA,NA,NA,1.77,120,60,94,4.74,1.93,1.93
2000,2000-08-01,NA,NA,NA,NA,1.59,115,60,94,4.65,1.88,1.88
2000,2000-09-01,NA,NA,NA,NA,1.59,110,60,89,4.67,2,2
2000,2000-10-01,NA,NA,NA,NA,1.75,110,65,85,4.48,1.99,1.99
2000,2000-11-01,NA,NA,NA,NA,1.87,115,65,88,4.6,1.99,1.99
2000,2000-12-01,NA,NA,NA,NA,2.02,110,50,79,4.99,2.2,2.2
2001,2001-01-01,NA,NA,NA,NA,2.08,110,55,88,4.86,2.35,2.35
2001,2001-02-01,NA,NA,NA,NA,2.01,105,50,79,4.57,2.41,2.41
2001,2001-03-01,NA,NA,NA,NA,2,105,45,82,4.41,2.37,2.37
2001,2001-04-01,NA,NA,NA,NA,1.89,110,50,91,4.3,2.33,2.33
2001,2001-05-01,NA,NA,NA,NA,1.83,115,45,98,4.46,2.25,2.25
2001,2001-06-01,NA,NA,NA,NA,1.8,125,45,83,4.68,2.2,2.2
2001,2001-07-01,NA,NA,NA,NA,1.95,110,50,82,5.05,2.41,2.41
2001,2001-08-01,NA,NA,NA,NA,2.01,115,55,89,5.04,2.52,2.52
2001,2001-09-01,NA,NA,NA,NA,1.97,115,60,83,4.51,2.46,2.46
2001,2001-10-01,NA,NA,NA,NA,1.86,125,60,87,4.18,2.58,2.58
2001,2001-11-01,NA,NA,NA,NA,1.86,125,60,94,4.27,2.65,2.65
2001,2001-12-01,NA,NA,NA,NA,1.99,120,60,89,4.37,2.64,2.64
2002,2002-01-01,NA,NA,NA,NA,2.03,125,55,84,4.38,2.71,2.71
2002,2002-02-01,NA,NA,NA,NA,2,125,55,88,4.35,2.71,2.71
2002,2002-03-01,NA,NA,NA,NA,1.99,140,50,79,4.56,2.62,2.62
2002,2002-04-01,NA,NA,NA,NA,1.94,135,55,102,4.64,2.57,2.57
2002,2002-05-01,NA,NA,NA,NA,2,135,55,117,4.87,2.47,2.47
2002,2002-06-01,NA,17,NA,NA,2.1,135,54,105,5.2,2.72,2.72
2002,2002-07-01,NA,12,NA,69,2.32,115,57,85,5.63,3.03,3.03
2002,2002-08-01,NA,11,NA,11,2.56,134,58,101,5.59,3.33,3.33
2002,2002-09-01,6,10,8,6,2.6,140,64,108,5.47,3.78,3.78
2002,2002-10-01,17,6,29,3,2.43,154,76,121,5.27,3.85,3.85
2002,2002-11-01,13,7,12,2,2.46,166,90,130,5.52,3.82,3.82
2002,2002-12-01,8,8,8,1,2.49,170,93,131,5.61,3.48,3.48
2003,2003-01-01,12,7,10,2,2.48,167,88,120,5.63,3.39,3.39
2003,2003-02-01,8,7,8,2,2.5,169,90,127,5.69,3.31,3.31
2003,2003-03-01,8,6,6,1,2.51,171,84,113,5.7,2.9,2.9
2003,2003-04-01,6,4,7,1,2.51,163,91,133,5.95,2.84,2.84
2003,2003-05-01,5,5,4,1,2.58,162,81,143,6.25,3.09,3.09
2003,2003-06-01,6,19,2,1,2.55,177,91,153,6.26,3.09,3.09
2003,2003-07-01,5,16,3,58,2.37,160,69,127,5.98,3.05,3.05
2003,2003-08-01,6,11,3,12,2.31,148,59,120,5.83,3.26,3.26
2003,2003-09-01,3,10,7,11,2.31,144,62,96,6.16,3.36,3.36
2003,2003-10-01,12,7,45,2,2.13,133,65,99,6.66,3.29,3.29
2003,2003-11-01,19,6,8,1,2.17,146,65,110,7.08,3.59,3.59
2003,2003-12-01,10,7,6,2,2.3,143,66,104,7.23,3.65,3.65
2004,2004-01-01,16,7,15,4,2.39,122,60,101,7.28,3.7,3.7
2004,2004-02-01,10,6,7,1,2.67,133,53,106,8.38,3.72,3.72
2004,2004-03-01,8,5,5,2,2.83,116,49,94,9.42,3.81,3.81
2004,2004-04-01,6,3,2,1,2.99,119,51,100,9.81,3.89,3.89
2004,2004-05-01,4,3,1,NA,2.96,115,54,101,9.51,3.58,3.58
2004,2004-06-01,4,17,1,6,2.93,114,48,90,8.98,3.32,3.32
2004,2004-07-01,5,12,2,56,2.54,112,55,82,8.51,3.29,3.29
2004,2004-08-01,3,10,1,11,2.36,120,59,101,6.49,3.02,3.02
2004,2004-09-01,4,8,11,9,2.12,120,59,106,5.71,3.01,3.01
2004,2004-10-01,22,5,19,2,2.04,122,63,93,5.58,2.94,2.94
2004,2004-11-01,13,8,11,2,1.95,144,69,110,5.24,2.86,2.86
2004,2004-12-01,7,9,7,3,1.95,128,53,96,5.39,2.77,2.77
2005,2005-01-01,10,8,8,4,2.13,142,80,121,5.55,2.96,2.96
2005,2005-02-01,8,9,11,5,1.97,120,68,102,5.39,2.87,2.87
2005,2005-03-01,9,6,12,5,2.01,134,70,112,6.03,3.21,3.21
2005,2005-04-01,6,4,5,1,1.99,138,65,118,6.05,3.06,3.06
2005,2005-05-01,5,4,5,1,2.01,139,55,117,6.29,3.03,3.03
2005,2005-06-01,6,18,5,1,2.11,137,60,103,6.76,3.1,3.1
2005,2005-07-01,6,14,3,60,2.21,135,66,109,6.8,3.18,3.18
2005,2005-08-01,4,12,3,6,2.01,130,67,113,6.41,3.07,3.07
2005,2005-09-01,3,10,8,6,1.78,126,70,105,5.91,2.96,2.96
2005,2005-10-01,16,7,29,2,1.77,129,79,111,5.7,3.12,3.12
2005,2005-11-01,13,6,8,1,1.69,126,82,107,5.55,2.79,2.79
2005,2005-12-01,7,7,6,3,1.93,127,75,99,5.91,2.99,2.99
2006,2006-01-01,15,7,10,8,1.98,122,69,101,5.92,3.17,3.17
2006,2006-02-01,9,6,5,6,2.09,125,75,105,5.83,3.3,3.3
2006,2006-03-01,7,6,7,2,2.09,123,68,99,5.71,3.29,3.29
2006,2006-04-01,8,4,5,2,2.17,129,66,100,5.63,3.15,3.15
2006,2006-05-01,7,3,5,3,2.26,135,68,114,5.78,3.35,3.35
2006,2006-06-01,5,18,6,1,2.23,119,70,98,5.76,3.17,3.17
2006,2006-07-01,5,14,5,67,2.25,116,64,97,5.82,3.21,3.21
2006,2006-08-01,5,12,6,10,2.12,111,72,101,5.43,3.02,3.02
2006,2006-09-01,5,10,7,5,2.18,120,68,101,5.37,3.12,3.12
2006,2006-10-01,16,7,25,4,2.56,127,74,109,5.67,3.86,3.86
2006,2006-11-01,23,6,12,1,2.92,135,79,112,6.22,4.14,4.14
2006,2006-12-01,10,7,9,2,3.21,130,77,102,6.35,4.13,4.13
2007,2007-01-01,15,7,11,3,3.11,127,65,103,6.39,3.9,3.9
2007,2007-02-01,6,6,9,1,3.67,133,86,115,6.99,3.96,3.96
2007,2007-03-01,8,6,7,1,3.61,141,77,114,6.99,3.92,3.92
2007,2007-04-01,3,4,4,1,3.48,145,78,116,7.06,4.1,4.1
2007,2007-05-01,3,3,4,NA,3.57,157,81,135,7.34,4.17,4.17
2007,2007-06-01,5,19,5,5,3.68,146,94,114,7.72,4.63,4.63
2007,2007-07-01,3,16,4,75,3.33,160,103,136,7.88,4.89,4.89
2007,2007-08-01,3,11,3,9,3.33,160,107,139,7.84,5.94,5.94
2007,2007-09-01,3,10,10,4,3.34,182,107,148,8.26,6.73,6.73
2007,2007-10-01,17,6,32,1,3.29,155,110,133,8.44,7.41,7.41
2007,2007-11-01,16,6,7,NA,3.46,170,110,130,9.28,6.34,6.34
2007,2007-12-01,7,7,6,1,3.84,170,120,134,9.95,7.69,7.69
2008,2008-01-01,15,7,16,3,4.04,173,128,149,10.1,6.67,6.67
2008,2008-02-01,8,6,8,3,4.66,173,125,148,11.6,8.88,8.88
2008,2008-03-01,9,6,6,1,4.78,183,119,144,11.5,9.94,9.94
2008,2008-04-01,8,4,5,1,5.36,179,119,140,12,8.38,8.38
2008,2008-05-01,4,2,3,1,5.54,184,115,154,12.1,6.38,6.38
2008,2008-06-01,6,19,3,1,5.91,213,101,139,13.1,6.28,6.28
2008,2008-07-01,4,16,3,62,5.56,221,94,161,13.7,6.09,6.09
2008,2008-08-01,3,11,1,16,5.79,198,87,149,13.3,6.31,6.31
2008,2008-09-01,5,10,12,3,4.88,212,91,150,10.6,5.42,5.42
2008,2008-10-01,16,6,25,1,4.35,215,101,153,9.98,4.33,4.33
2008,2008-11-01,8,6,4,1,4.25,216,95,130,9.61,3.81,3.81
2008,2008-12-01,7,7,5,2,4.24,218,100,129,9.83,4.52,4.52
2009,2009-01-01,14,7,13,3,4.59,211,90,141,10.4,5.07,5.07
2009,2009-02-01,7,6,7,2,4.15,200,100,142,9.96,4.29,4.29
2009,2009-03-01,10,6,9,2,4.05,194,92,127,9.53,4.31,4.31
2009,2009-04-01,6,4,9,2,3.91,197,94,125,10.1,4.24,4.24
2009,2009-05-01,10,2,4,3,4.13,189,85,139,11.4,4.77,4.77
2009,2009-06-01,7,8,5,3,4.3,164,99,120,12,4.77,4.77
2009,2009-07-01,5,15,4,58,3.61,162,99,130,11.2,4.49,4.49
2009,2009-08-01,5,12,3,8,3.43,150,90,115,11.1,4.26,4.26
2009,2009-09-01,4,13,2,7,3.34,145,92,113,9.99,3.82,3.82
2009,2009-10-01,6,7,36,3,3.66,146,92,120,9.63,4.09,4.09
2009,2009-11-01,24,6,14,1,3.59,152,84,109,9.72,4.56,4.56
2009,2009-12-01,9,7,7,2,3.56,162,94,110,9.95,4.77,4.77
2010,2010-01-01,11,6,13,5,3.57,152,86,116,9.93,4.69,4.69
2010,2010-02-01,5,8,5,1,3.5,147,85,109,9.87,4.4,4.4
2010,2010-03-01,10,6,7,2,3.5,154,91,120,9.73,4.36,4.36
2010,2010-04-01,6,8,4,3,3.38,152,80,108,9.68,4.37,4.37
2010,2010-05-01,7,4,2,3,3.52,152,85,121,9.5,4.36,4.36
2010,2010-06-01,6,8,4,7,3.39,161,72,101,9.82,4.27,4.27
2010,2010-07-01,7,15,4,61,3.57,162,81,121,10.2,4.52,4.52
2010,2010-08-01,5,12,2,10,3.83,157,76,110,10.7,5.92,5.92
2010,2010-09-01,13,13,20,4,4.21,151,76,106,10.2,5.68,5.68
2010,2010-10-01,18,7,29,1,4.56,155,79,118,10.6,5.68,5.68
2010,2010-11-01,7,6,6,1,4.96,157,70,102,11.6,5.43,5.43
2010,2010-12-01,9,7,7,3,5.04,163,76,97,12.1,6.54,6.54
2011,2011-01-01,14,6,13,6,5.23,156,79,114,11.9,6.15,6.15
2011,2011-02-01,7,8,5,3,5.9,172,79,115,12.6,6.87,6.87
2011,2011-03-01,10,6,6,2,5.95,162,78,116,12.9,6.51,6.51
2011,2011-04-01,7,8,3,3,6.8,169,82,115,12.9,7.24,7.24
2011,2011-05-01,5,4,2,1,6.93,162,80,124,13.5,7.12,7.12
2011,2011-06-01,3,18,3,5,6.89,167,98,132,13.4,6.9,6.9
2011,2011-07-01,4,11,3,45,7.06,169,77,109,13.5,6.48,6.48
2011,2011-08-01,3,11,3,12,7.4,188,89,148,13.6,7.16,7.16
2011,2011-09-01,2,7,1,3,6.95,177,98,136,13.5,6.87,6.87
2011,2011-10-01,6,7,17,2,6.03,181,85,119,11.9,6.68,6.68
2011,2011-11-01,18,7,13,1,6.03,186,82,122,11.8,6.2,6.2
2011,2011-12-01,9,10,8,1,6.04,183,85,138,11.8,6.35,6.35
2012,2012-01-01,15,7,12,4,6.19,187,102,135,12.2,6.49,6.49
2012,2012-02-01,9,7,12,2,6.43,209,94,128,12.6,6.88,6.88
2012,2012-03-01,10,6,10,2,6.51,192,111,145,13.5,6.81,6.81
2012,2012-04-01,6,4,7,1,6.5,209,118,159,13.7,6.76,6.76
2012,2012-05-01,7,5,4,1,6.46,209,118,147,14.3,6.88,6.88
2012,2012-06-01,7,12,5,26,6.48,207,97,138,14.2,7.02,7.02
2012,2012-07-01,6,17,6,41,7.45,217,136,183,15.7,8.16,8.16
2012,2012-08-01,5,10,5,9,8.09,245,120,165,16.5,8.44,8.44
2012,2012-09-01,6,10,5,4,7.33,221,142,191,14.8,8.41,8.41
2012,2012-10-01,14,7,24,1,7.06,256,182,218,14.3,8.17,8.17
2012,2012-11-01,15,7,8,3,7.18,255,188,216,14.3,8.41,8.41
2012,2012-12-01,7,8,9,2,7.17,248,183,208,14.5,8.3,8.3
2013,2013-01-01,13,6,23,5,7.15,232,209,219,14.6,7.79,7.79
2013,2013-02-01,6,7,8,3,7.18,230,222,225,14.8,7.67,7.67
2013,2013-03-01,10,6,5,13,7.29,224,222,223,14.8,7.45,7.45
2013,2013-04-01,7,6,5,10,7.02,249,194,221,14.5,7.49,7.49
2013,2013-05-01,7,4,5,4,7,232,163,186,14.9,7.52,7.52
2013,2013-06-01,6,11,3,5,7.05,230,195,210,15.3,7.08,7.08
2013,2013-07-01,5,13,3,46,6.83,200,160,182,15.7,6.68,6.68
2013,2013-08-01,4,9,2,15,6.34,190,155,171,14.6,6.45,6.45
2013,2013-09-01,4,7,12,9,5.57,190,140,165,13,6.24,6.24
2013,2013-10-01,18,6,32,8,4.36,205,150,171,12.3,6.67,6.67
2013,2013-11-01,17,7,11,5,4.17,205,145,169,12.7,6.74,6.74
2013,2013-12-01,5,11,6,2,4.31,200,155,175,13.1,6.24,6.24
2014,2014-01-01,11,8,12,3,4.36,185,145,165,13.1,6.1,6.1
2014,2014-02-01,9,8,9,3,4.37,185,145,165,13.4,5.87,5.87
2014,2014-03-01,10,9,6,4,4.57,185,140,160,14.1,6.38,6.38
2014,2014-04-01,8,6,5,2,4.69,165,110,136,14.5,6.6,6.6
2014,2014-05-01,4,5,2,2,4.89,165,125,145,15,6.71,6.71
2014,2014-06-01,5,14,1,1,4.49,160,110,130,14.8,5.9,5.9
2014,2014-07-01,5,13,2,57,4.13,175,110,139,13.3,5.64,5.64
2014,2014-08-01,4,10,2,16,3.62,175,115,141,13.1,5.52,5.52
2014,2014-09-01,6,8,8,5,3.55,170,105,138,11.1,5.27,5.27
2014,2014-10-01,10,7,26,3,3.48,190,110,140,10.1,5.18,5.18
2014,2014-11-01,13,7,13,2,3.59,185,120,142,10.4,5.5,5.5
2014,2014-12-01,9,9,8,4,3.9,175,120,144,10.6,6.08,6.08
2015,2015-01-01,12,7,12,5,3.87,180,120,145,10.7,5.94,5.94
2015,2015-02-01,7,8,8,2,3.95,175,120,138,10.3,5.47,5.47
2015,2015-03-01,10,7,7,1,3.93,180,110,139,10.1,5.29,5.29
2015,2015-04-01,8,5,4,1,3.83,175,120,145,9.83,5.39,5.39
2015,2015-05-01,5,5,3,1,3.71,175,115,137,9.71,4.9,4.9
2015,2015-06-01,9,10,5,3,3.71,145,135,141,10.1,5.52,5.52
2015,2015-07-01,6,9,4,52,4.02,150,130,138,10.3,4.8,4.8
2015,2015-08-01,5,9,2,10,3.94,140,120,130,10.2,4.47,4.47
2015,2015-09-01,5,9,14,7,3.82,150,130,137,8.88,4.05,4.05
2015,2015-10-01,17,8,23,3,3.79,170,140,143,8.8,4.31,4.31
2015,2015-11-01,7,7,5,2,3.87,170,150,153,8.83,4.24,4.24
2015,2015-12-01,9,9,7,3,4.01,165,140,150,9.06,4.38,4.38
2016,2016-01-01,12,12,12,5,3.9,170,130,143,9.15,4.41,4.41
2016,2016-02-01,8,11,7,3,3.86,170,130,143,8.87,4.41,4.41
2016,2016-03-01,8,9,10,3,3.87,160,130,139,8.88,4.39,4.39
2016,2016-04-01,8,4,9,2,3.91,170,135,150,9.52,3.99,3.99
2016,2016-05-01,6,3,5,1,4.02,170,150,163,10,3.78,3.78
2016,2016-06-01,9,10,4,9,4.19,170,85,143,10.6,4.45,4.45
2016,2016-07-01,6,9,2,42,3.81,200,120,157,10.6,4.29,4.29
2016,2016-08-01,5,9,2,8,3.57,170,100,140,10.3,4.14,4.14
2016,2016-09-01,6,9,5,7,3.3,180,115,142,9.59,3.72,3.72
2016,2016-10-01,14,6,35,4,3.45,190,130,138,9.44,3.84,3.84
2016,2016-11-01,12,7,9,1,3.44,185,120,132,9.68,3.93,3.93
2016,2016-12-01,7,9,8,3,3.57,175,110,142,9.89,3.96,3.96
2017,2017-01-01,14,13,15,7,3.65,155,100,122,9.95,4.04,4.04
2017,2017-02-01,9,11,7,6,3.69,155,100,122,10.2,4.34,4.34
2017,2017-03-01,5,9,4,2,3.69,170,115,136,9.92,4.22,4.22
2017,2017-04-01,5,4,2,1,3.67,165,110,137,9.51,4.09,4.09
2017,2017-05-01,7,4,4,1,3.74,165,115,127,9.56,4.16,4.16
2017,2017-06-01,7,11,4,18,3.78,180,110,145,9.39,4.65,4.65
2017,2017-07-01,9,10,4,62,3.83,160,120,136,9.62,5.03,5.03
2017,2017-08-01,5,10,3,9,3.6,140,100,118,9.29,4.66,4.66
2017,2017-09-01,5,8,12,4,3.49,170,120,140,9.46,4.51,4.51
2017,2017-10-01,9,7,26,3,3.44,180,130,138,9.39,4.42,4.42
2017,2017-11-01,12,8,8,2,3.37,180,110,124,9.44,4.51,4.51
2017,2017-12-01,8,9,6,1,3.5,180,110,140,9.65,4.27,4.27
2018,2018-01-01,12,10,12,5,3.54,180,110,135,9.63,4.52,4.52
2018,2018-02-01,11,10,11,2,3.64,170,100,123,9.82,4.46,4.46
2018,2018-03-01,8,9,8,2,3.79,190,115,142,10.1,4.9,4.9
2018,2018-04-01,7,4,6,1,3.83,210,150,176,10.3,4.9,4.9
2018,2018-05-01,7,4,3,2,3.96,215,135,176,10.1,5.12,5.12
2018,2018-06-01,7,NA,3,7,3.78,180,115,164,9.67,5.04,5.04
2018,2018-07-01,7,NA,3,NA,3.65,180,115,152,9.35,5.01,5.01
2018,2018-08-01,7,NA,2,NA,3.55,185,120,164,8.81,5.51,5.51
2018,2018-09-01,NA,NA,NA,NA,3.46,175,115,146,8.84,5.21,5.21
2018,2018-10-01,NA,NA,NA,NA,3.47,175,120,146,8.65,5.21,5.21
2018,2018-11-01,NA,NA,NA,NA,3.48,180,125,151,8.67,5.06,5.06
2018,2018-12-01,NA,NA,NA,NA,3.63,185,130,156,8.66,5.09,5.09
2019,2019-01-01,NA,NA,NA,NA,3.69,185,130,156,9.02,5.17,5.17
2019,2019-02-01,NA,NA,NA,NA,3.73,180,125,151,8.86,5.53,5.53
2019,2019-03-01,NA,NA,NA,NA,3.74,185,125,154,8.66,5.15,5.15
2019,2019-04-01,NA,NA,NA,NA,3.64,185,125,158,8.51,4.84,4.84
2019,2019-05-01,NA,NA,NA,NA,3.79,195,140,171,8.15,4.87,4.87
2019,2019-06-01,NA,NA,NA,NA,4.28,215,130,181,8.53,5.31,5.31
